recommendation_id,evidence_key,lead_id,model_run_id,predicted_probability,recommended_action,priority_rank,context_json
7b19b36d-fdde-583d-b793-8c854791e10c,165d85eddaaa3b41e0a80a7354e8066c,222934,81bd3d56-570d-464d-b5c1-08778407ad95,0.018593623359295316,CONTACTAR_PRIORIDAD_ALTA,21,"{'semantics': 'PROPENSITY_NOT_CAUSAL_UPLIFT', 'policy_id': 'lead_priority_v2', 'policy_version': '2.0', 'policy_rank': 21, 'experiment_id': '40d01a87-7c87-5550-a053-5b0dbd45a015', 'treatment_group': 'TREATMENT', 'score_id': '62f56aca-b927-4a66-aed5-68b6515be3ee', 'evidence_key': '165d85eddaaa3b41e0a80a7354e8066c', 'lead_id': '222934', 'priority_band': 'A', 'priority_score': 1.7499342986660487, 'priority_rank': 15, 'p_separacion_14d': 0.016604022681777443, 'p_minuta_60d': 0.018593623359295316, 'codigo_proyecto': 'CP', 'asesor': None, 'canal': None, 'medio': 'paso por la zona', 'action_owner_proposed': 'SUPERVISOR_COMERCIAL', 'sla_minutes': 15, 'recommended_at': '2026-09-08T01:37:31.198749+00:00', 'expires_at': '2026-09-09T01:37:31.198749+00:00'}"
1d4b40c7-e7db-59dd-a899-a938880e619f,4ed47d9f03f183c790414ebdc14bc664,172311,81bd3d56-570d-464d-b5c1-08778407ad95,0.0118359570348874,CONTACTAR_PRIORIDAD_ALTA,22,"{'semantics': 'PROPENSITY_NOT_CAUSAL_UPLIFT', 'policy_id': 'lead_priority_v2', 'policy_version': '2.0', 'policy_rank': 22, 'experiment_id': '40d01a87-7c87-5550-a053-5b0dbd45a015', 'treatment_group': 'TREATMENT', 'score_id': '751abd34-e04f-4357-9674-96e49f9d25ee', 'evidence_key': '4ed47d9f03f183c790414ebdc14bc664', 'lead_id': '172311', 'priority_band': 'A', 'priority_score': 1.2510971055117237, 'priority_rank': 15, 'p_separacion_14d': 0.013063255253487104, 'p_minuta_60d': 0.0118359570348874, 'codigo_proyecto': 'NP', 'asesor': None, 'canal': None, 'medio': 'nexo', 'action_owner_proposed': 'SUPERVISOR_COMERCIAL', 'sla_minutes': 15, 'recommended_at': '2026-09-08T01:37:31.198749+00:00', 'expires_at': '2026-09-09T01:37:31.198749+00:00'}"
4d0d4924-c276-55bf-9fe8-ed21be9e74f3,040e1c7ee2d02ae0035b6b1603444b8d,222225,81bd3d56-570d-464d-b5c1-08778407ad95,0.005452887910168315,CONTACTAR_PRIORIDAD_ALTA,23,"{'semantics': 'PROPENSITY_NOT_CAUSAL_UPLIFT', 'policy_id': 'lead_priority_v2', 'policy_version': '2.0', 'policy_rank': 23, 'experiment_id': '40d01a87-7c87-5550-a053-5b0dbd45a015', 'treatment_group': 'TREATMENT', 'score_id': 'e291596f-f156-4997-ac2c-2b9273e3bfdd', 'evidence_key': '040e1c7ee2d02ae0035b6b1603444b8d', 'lead_id': '222225', 'priority_band': 'A', 'priority_score': 0.5222101145353956, 'priority_rank': 15, 'p_separacion_14d': 0.005033275610505843, 'p_minuta_60d': 0.005452887910168315, 'codigo_proyecto': 'GY', 'asesor': None, 'canal': None, 'medio': 'paso por la zona', 'action_owner_proposed': 'SUPERVISOR_COMERCIAL', 'sla_minutes': 15, 'recommended_at': '2026-09-08T01:37:31.198749+00:00', 'expires_at': '2026-09-09T01:37:31.198749+00:00'}"
dacea85e-08ed-55a4-ad80-bd32718c0595,497c2cf0ad68c16ba530ea0ea3c9efff,222061,81bd3d56-570d-464d-b5c1-08778407ad95,0.005665418588750587,CONTACTAR_PRIORIDAD_ALTA,24,"{'semantics': 'PROPENSITY_NOT_CAUSAL_UPLIFT', 'policy_id': 'lead_priority_v2', 'policy_version': '2.0', 'policy_rank': 24, 'experiment_id': '40d01a87-7c87-5550-a053-5b0dbd45a015', 'treatment_group': 'TREATMENT', 'score_id': 'dd5c3a97-2167-4ce9-b088-2ed4783d654d', 'evidence_key': '497c2cf0ad68c16ba530ea0ea3c9efff', 'lead_id': '222061', 'priority_band': 'A', 'priority_score': 0.48190894247996, 'priority_rank': 15, 'p_separacion_14d': 0.004126638290657883, 'p_minuta_60d': 0.005665418588750587, 'codigo_proyecto': 'NP', 'asesor': None, 'canal': None, 'medio': 'urbania', 'action_owner_proposed': 'SUPERVISOR_COMERCIAL', 'sla_minutes': 15, 'recommended_at': '2026-09-08T01:37:31.198749+00:00', 'expires_at': '2026-09-09T01:37:31.198749+00:00'}"
dd5ccb0f-de33-5822-9594-295b8b9ab477,359b83af2a2a5fbbefd3b842f35d8eb5,222658,81bd3d56-570d-464d-b5c1-08778407ad95,0.06495469764060029,CONTACTAR_PRIORIDAD_ALTA,26,"{'semantics': 'PROPENSITY_NOT_CAUSAL_UPLIFT', 'policy_id': 'lead_priority_v2', 'policy_version': '2.0', 'policy_rank': 26, 'experiment_id': '40d01a87-7c87-5550-a053-5b0dbd45a015', 'treatment_group': 'TREATMENT', 'score_id': '79510fba-3893-496f-a870-470bad748750', 'evidence_key': '359b83af2a2a5fbbefd3b842f35d8eb5', 'lead_id': '222658', 'priority_band': 'A', 'priority_score': 7.745397778677216, 'priority_rank': 16, 'p_separacion_14d': 0.08768066154273096, 'p_minuta_60d': 0.06495469764060029, 'codigo_proyecto': 'NP', 'asesor': None, 'canal': None, 'medio': 'feria inmobiliaria', 'action_owner_proposed': 'SUPERVISOR_COMERCIAL', 'sla_minutes': 15, 'recommended_at': '2026-09-08T01:37:31.198749+00:00', 'expires_at': '2026-09-09T01:37:31.198749+00:00'}"
7f009131-c0b3-5c8c-95f7-bc61e68c1600,30f4a2eb4582098e6c7f4cf6ca1fcfe5,222954,81bd3d56-570d-464d-b5c1-08778407ad95,0.011531404529033278,CONTACTAR_PRIORIDAD_ALTA,28,"{'semantics': 'PROPENSITY_NOT_CAUSAL_UPLIFT', 'policy_id': 'lead_priority_v2', 'policy_version': '2.0', 'policy_rank': 28, 'experiment_id': '40d01a87-7c87-5550-a053-5b0dbd45a015', 'treatment_group': 'TREATMENT', 'score_id': '4c4cc409-82b7-41a1-a2f4-dc2c1cdd410e', 'evidence_key': '30f4a2eb4582098e6c7f4cf6ca1fcfe5', 'lead_id': '222954', 'priority_band': 'A', 'priority_score': 1.4532560850113365, 'priority_rank': 16, 'p_separacion_14d': 0.01698805238554253, 'p_minuta_60d': 0.011531404529033278, 'codigo_proyecto': 'EEUU', 'asesor': None, 'canal': None, 'medio': 'caseta de ventas', 'action_owner_proposed': 'SUPERVISOR_COMERCIAL', 'sla_minutes': 15, 'recommended_at': '2026-09-08T01:37:31.198749+00:00', 'expires_at': '2026-09-09T01:37:31.198749+00:00'}"
67c08624-41d3-5000-bb26-d36d2d7f9570,cfd645d5023f39ec6a822e1146910f12,144113,81bd3d56-570d-464d-b5c1-08778407ad95,0.00405097843699145,CONTACTAR_PRIORIDAD_ALTA,29,"{'semantics': 'PROPENSITY_NOT_CAUSAL_UPLIFT', 'policy_id': 'lead_priority_v2', 'policy_version': '2.0', 'policy_rank': 29, 'experiment_id': '40d01a87-7c87-5550-a053-5b0dbd45a015', 'treatment_group': 'TREATMENT', 'score_id': '7dc01500-30b1-4178-b973-4750eff84c09', 'evidence_key': 'cfd645d5023f39ec6a822e1146910f12', 'lead_id': '144113', 'priority_band': 'A', 'priority_score': 0.45520134813924684, 'priority_rank': 16, 'p_separacion_14d': 0.0049619512449933, 'p_minuta_60d': 0.00405097843699145, 'codigo_proyecto': 'MD', 'asesor': None, 'canal': None, 'medio': 'instagram', 'action_owner_proposed': 'SUPERVISOR_COMERCIAL', 'sla_minutes': 15, 'recommended_at': '2026-09-08T01:37:31.198749+00:00', 'expires_at': '2026-09-09T01:37:31.198749+00:00'}"
bcd40bac-2a9e-57b0-9897-580146a2764b,5373e662833410dff7c35fa10e5eaad2,167607,81bd3d56-570d-464d-b5c1-08778407ad95,0.001171607590596139,CONTACTAR_PRIORIDAD_ALTA,30,"{'semantics': 'PROPENSITY_NOT_CAUSAL_UPLIFT', 'policy_id': 'lead_priority_v2', 'policy_version': '2.0', 'policy_rank': 30, 'experiment_id': '40d01a87-7c87-5550-a053-5b0dbd45a015', 'treatment_group': 'TREATMENT', 'score_id': 'afa13275-6f03-4bc8-871c-8db597113c22', 'evidence_key': '5373e662833410dff7c35fa10e5eaad2', 'lead_id': '167607', 'priority_band': 'A', 'priority_score': 0.1147116070139014, 'priority_rank': 16, 'p_separacion_14d': 0.0011270775534013662, 'p_minuta_60d': 0.001171607590596139, 'codigo_proyecto': 'GY', 'asesor': None, 'canal': None, 'medio': None, 'action_owner_proposed': 'SUPERVISOR_COMERCIAL', 'sla_minutes': 15, 'recommended_at': '2026-09-08T01:37:31.198749+00:00', 'expires_at': '2026-09-09T01:37:31.198749+00:00'}"
7a5f0679-7a13-507c-a393-1b80dbbad702,b922693fde4c6845a11b8d94900c24ad,222792,81bd3d56-570d-464d-b5c1-08778407ad95,0.08297731112180569,CONTACTAR_PRIORIDAD_ALTA,31,"{'semantics': 'PROPENSITY_NOT_CAUSAL_UPLIFT', 'policy_id': 'lead_priority_v2', 'policy_version': '2.0', 'policy_rank': 31, 'experiment_id': '40d01a87-7c87-5550-a053-5b0dbd45a015', 'treatment_group': 'TREATMENT', 'score_id': 'e94ed582-acb1-462a-87bc-cb439a74fd94', 'evidence_key': 'b922693fde4c6845a11b8d94900c24ad', 'lead_id': '222792', 'priority_band': 'A', 'priority_score': 8.440450326417597, 'priority_rank': 17, 'p_separacion_14d': 0.08557220592611528, 'p_minuta_60d': 0.08297731112180569, 'codigo_proyecto': 'MT', 'asesor': None, 'canal': None, 'medio': 'feria inmobiliaria', 'action_owner_proposed': 'SUPERVISOR_COMERCIAL', 'sla_minutes': 15, 'recommended_at': '2026-09-08T01:37:31.198749+00:00', 'expires_at': '2026-09-09T01:37:31.198749+00:00'}"
a8182df0-0614-5a6e-8648-050dc2ebc320,0960f2711b5b9c66aa8ed9c3f5dafca9,222667,81bd3d56-570d-464d-b5c1-08778407ad95,0.06495469764060029,CONTACTAR_PRIORIDAD_ALTA,32,"{'semantics': 'PROPENSITY_NOT_CAUSAL_UPLIFT', 'policy_id': 'lead_priority_v2', 'policy_version': '2.0', 'policy_rank': 32, 'experiment_id': '40d01a87-7c87-5550-a053-5b0dbd45a015', 'treatment_group': 'TREATMENT', 'score_id': '9c5e9afc-d0be-466f-a1f9-1c77a8f9e4d2', 'evidence_key': '0960f2711b5b9c66aa8ed9c3f5dafca9', 'lead_id': '222667', 'priority_band': 'A', 'priority_score': 7.745397778677216, 'priority_rank': 17, 'p_separacion_14d': 0.08768066154273096, 'p_minuta_60d': 0.06495469764060029, 'codigo_proyecto': 'NP', 'asesor': None, 'canal': None, 'medio': 'feria inmobiliaria', 'action_owner_proposed': 'SUPERVISOR_COMERCIAL', 'sla_minutes': 15, 'recommended_at': '2026-09-08T01:37:31.198749+00:00', 'expires_at': '2026-09-09T01:37:31.198749+00:00'}"
04003fc1-6f6f-5408-aef1-2bfbcd7604bd,db2070977a81a7c1685249251a144bec,222379,81bd3d56-570d-464d-b5c1-08778407ad95,0.04456583459483959,CONTACTAR_PRIORIDAD_ALTA,33,"{'semantics': 'PROPENSITY_NOT_CAUSAL_UPLIFT', 'policy_id': 'lead_priority_v2', 'policy_version': '2.0', 'policy_rank': 33, 'experiment_id': '40d01a87-7c87-5550-a053-5b0dbd45a015', 'treatment_group': 'TREATMENT', 'score_id': 'ecd7fc72-824d-4137-bf67-8e65e7d7eb04', 'evidence_key': 'db2070977a81a7c1685249251a144bec', 'lead_id': '222379', 'priority_band': 'A', 'priority_score': 5.217089216106936, 'priority_rank': 17, 'p_separacion_14d': 0.05839321198798461, 'p_minuta_60d': 0.04456583459483959, 'codigo_proyecto': 'NP', 'asesor': None, 'canal': None, 'medio': 'feria inmobiliaria', 'action_owner_proposed': 'SUPERVISOR_COMERCIAL', 'sla_minutes': 15, 'recommended_at': '2026-09-08T01:37:31.198749+00:00', 'expires_at': '2026-09-09T01:37:31.198749+00:00'}"
3bb13d39-1051-5312-b447-82287e7456d6,9df3f4da6152e12089c869a483343e29,143908,81bd3d56-570d-464d-b5c1-08778407ad95,0.00013686596870439197,CONTACTAR_PRIORIDAD_ALTA,34,"{'semantics': 'PROPENSITY_NOT_CAUSAL_UPLIFT', 'policy_id': 'lead_priority_v2', 'policy_version': '2.0', 'policy_rank': 34, 'experiment_id': '40d01a87-7c87-5550-a053-5b0dbd45a015', 'treatment_group': 'TREATMENT', 'score_id': '5041cb79-9178-413a-aace-a7e36aff3aaa', 'evidence_key': '9df3f4da6152e12089c869a483343e29', 'lead_id': '143908', 'priority_band': 'A', 'priority_score': 1.1458028482284093, 'priority_rank': 17, 'p_separacion_14d': 0.020720797811576572, 'p_minuta_60d': 0.00013686596870439197, 'codigo_proyecto': 'GY', 'asesor': None, 'canal': None, 'medio': 'base de datos externa', 'action_owner_proposed': 'SUPERVISOR_COMERCIAL', 'sla_minutes': 15, 'recommended_at': '2026-09-08T01:37:31.198749+00:00', 'expires_at': '2026-09-09T01:37:31.198749+00:00'}"
772009c9-457b-5253-bdbe-b44fb3d1bd93,6f61fcb8dad775d04bd8e2e71d915a9d,222098,81bd3d56-570d-464d-b5c1-08778407ad95,0.0009401589831394648,CONTACTAR_PRIORIDAD_ALTA,36,"{'semantics': 'PROPENSITY_NOT_CAUSAL_UPLIFT', 'policy_id': 'lead_priority_v2', 'policy_version': '2.0', 'policy_rank': 36, 'experiment_id': '40d01a87-7c87-5550-a053-5b0dbd45a015', 'treatment_group': 'TREATMENT', 'score_id': '191f4ec0-f677-4297-8cc3-0ff7b662fca1', 'evidence_key': '6f61fcb8dad775d04bd8e2e71d915a9d', 'lead_id': '222098', 'priority_band': 'A', 'priority_score': 0.10049686719634456, 'priority_rank': 17, 'p_separacion_14d': 0.0010579947810012479, 'p_minuta_60d': 0.0009401589831394648, 'codigo_proyecto': 'EEUU', 'asesor': None, 'canal': None, 'medio': None, 'action_owner_proposed': 'SUPERVISOR_COMERCIAL', 'sla_minutes': 15, 'recommended_at': '2026-09-08T01:37:31.198749+00:00', 'expires_at': '2026-09-09T01:37:31.198749+00:00'}"
5ae5e91f-d3ad-50e2-80c2-ed1ac94aed01,515cccb9195433384627e08ad7ff9aeb,222794,81bd3d56-570d-464d-b5c1-08778407ad95,0.08297731112180569,CONTACTAR_PRIORIDAD_ALTA,37,"{'semantics': 'PROPENSITY_NOT_CAUSAL_UPLIFT', 'policy_id': 'lead_priority_v2', 'policy_version': '2.0', 'policy_rank': 37, 'experiment_id': '40d01a87-7c87-5550-a053-5b0dbd45a015', 'treatment_group': 'TREATMENT', 'score_id': '8b8217d0-c018-4ec9-a82b-d9b1ce7cdb50', 'evidence_key': '515cccb9195433384627e08ad7ff9aeb', 'lead_id': '222794', 'priority_band': 'A', 'priority_score': 8.440450326417597, 'priority_rank': 18, 'p_separacion_14d': 0.08557220592611528, 'p_minuta_60d': 0.08297731112180569, 'codigo_proyecto': 'MT', 'asesor': None, 'canal': None, 'medio': 'feria inmobiliaria', 'action_owner_proposed': 'SUPERVISOR_COMERCIAL', 'sla_minutes': 15, 'recommended_at': '2026-09-08T01:37:31.198749+00:00', 'expires_at': '2026-09-09T01:37:31.198749+00:00'}"
db278a2b-41b8-57b0-a151-03a563e0d82b,e57bf65348241672e8e90a95469ed10c,222622,81bd3d56-570d-464d-b5c1-08778407ad95,0.06314436650828849,CONTACTAR_PRIORIDAD_ALTA,38,"{'semantics': 'PROPENSITY_NOT_CAUSAL_UPLIFT', 'policy_id': 'lead_priority_v2', 'policy_version': '2.0', 'policy_rank': 38, 'experiment_id': '40d01a87-7c87-5550-a053-5b0dbd45a015', 'treatment_group': 'TREATMENT', 'score_id': 'c7a735d8-0fa3-4f43-8ca1-23844d6cbeb0', 'evidence_key': 'e57bf65348241672e8e90a95469ed10c', 'lead_id': '222622', 'priority_band': 'A', 'priority_score': 7.459496630095286, 'priority_rank': 18, 'p_separacion_14d': 0.08396363885858735, 'p_minuta_60d': 0.06314436650828849, 'codigo_proyecto': 'NP', 'asesor': None, 'canal': None, 'medio': 'feria inmobiliaria', 'action_owner_proposed': 'SUPERVISOR_COMERCIAL', 'sla_minutes': 15, 'recommended_at': '2026-09-08T01:37:31.198749+00:00', 'expires_at': '2026-09-09T01:37:31.198749+00:00'}"
d654291a-10a1-50db-a318-bba58ab9609f,9bdb33b11b1c2ac3225b48353cca20d8,188275,81bd3d56-570d-464d-b5c1-08778407ad95,0.044112542369337544,CONTACTAR_PRIORIDAD_ALTA,39,"{'semantics': 'PROPENSITY_NOT_CAUSAL_UPLIFT', 'policy_id': 'lead_priority_v2', 'policy_version': '2.0', 'policy_rank': 39, 'experiment_id': '40d01a87-7c87-5550-a053-5b0dbd45a015', 'treatment_group': 'TREATMENT', 'score_id': 'fc53454c-71c2-47af-8513-f34890b9d44b', 'evidence_key': '9bdb33b11b1c2ac3225b48353cca20d8', 'lead_id': '188275', 'priority_band': 'A', 'priority_score': 4.883615079883263, 'priority_rank': 18, 'p_separacion_14d': 0.05270092133205589, 'p_minuta_60d': 0.044112542369337544, 'codigo_proyecto': 'MT', 'asesor': None, 'canal': None, 'medio': 'caseta de ventas', 'action_owner_proposed': 'SUPERVISOR_COMERCIAL', 'sla_minutes': 15, 'recommended_at': '2026-09-08T01:37:31.198749+00:00', 'expires_at': '2026-09-09T01:37:31.198749+00:00'}"
3f666355-5372-5914-9ef1-fffeb1d8644f,225463e08ce618d14038e46034a7b337,222997,81bd3d56-570d-464d-b5c1-08778407ad95,0.0066198782771083224,CONTACTAR_PRIORIDAD_ALTA,41,"{'semantics': 'PROPENSITY_NOT_CAUSAL_UPLIFT', 'policy_id': 'lead_priority_v2', 'policy_version': '2.0', 'policy_rank': 41, 'experiment_id': '40d01a87-7c87-5550-a053-5b0dbd45a015', 'treatment_group': 'TREATMENT', 'score_id': '902b1991-4b76-4487-ab46-94d09481f3e2', 'evidence_key': '225463e08ce618d14038e46034a7b337', 'lead_id': '222997', 'priority_band': 'A', 'priority_score': 0.6594473665002768, 'priority_rank': 18, 'p_separacion_14d': 0.00657368807328004, 'p_minuta_60d': 0.0066198782771083224, 'codigo_proyecto': 'MD', 'asesor': None, 'canal': None, 'medio': 'nexo', 'action_owner_proposed': 'SUPERVISOR_COMERCIAL', 'sla_minutes': 15, 'recommended_at': '2026-09-08T01:37:31.198749+00:00', 'expires_at': '2026-09-09T01:37:31.198749+00:00'}"
e058b1e3-9549-516c-a244-ff40b3a38158,2d5e399e4ea827e9950398451b1aa46c,222197,81bd3d56-570d-464d-b5c1-08778407ad95,0.00389714745857985,CONTACTAR_PRIORIDAD_ALTA,42,"{'semantics': 'PROPENSITY_NOT_CAUSAL_UPLIFT', 'policy_id': 'lead_priority_v2', 'policy_version': '2.0', 'policy_rank': 42, 'experiment_id': '40d01a87-7c87-5550-a053-5b0dbd45a015', 'treatment_group': 'TREATMENT', 'score_id': 'dfd2a525-5e03-4b85-8e6d-ea402792bff3', 'evidence_key': '2d5e399e4ea827e9950398451b1aa46c', 'lead_id': '222197', 'priority_band': 'A', 'priority_score': 0.39051276802558427, 'priority_rank': 18, 'p_separacion_14d': 0.0039116569525361996, 'p_minuta_60d': 0.00389714745857985, 'codigo_proyecto': 'NP', 'asesor': None, 'canal': None, 'medio': 'instagram', 'action_owner_proposed': 'SUPERVISOR_COMERCIAL', 'sla_minutes': 15, 'recommended_at': '2026-09-08T01:37:31.198749+00:00', 'expires_at': '2026-09-09T01:37:31.198749+00:00'}"
33c9ed5a-d8ac-5876-b369-9a6fde882e60,28f375922bebebfbd88eedf980c44111,222099,81bd3d56-570d-464d-b5c1-08778407ad95,0.0009401589831394648,CONTACTAR_PRIORIDAD_ALTA,43,"{'semantics': 'PROPENSITY_NOT_CAUSAL_UPLIFT', 'policy_id': 'lead_priority_v2', 'policy_version': '2.0', 'policy_rank': 43, 'experiment_id': '40d01a87-7c87-5550-a053-5b0dbd45a015', 'treatment_group': 'TREATMENT', 'score_id': 'ec3eaa69-250d-4474-94c7-bdcef9334c25', 'evidence_key': '28f375922bebebfbd88eedf980c44111', 'lead_id': '222099', 'priority_band': 'A', 'priority_score': 0.10049686719634456, 'priority_rank': 18, 'p_separacion_14d': 0.0010579947810012479, 'p_minuta_60d': 0.0009401589831394648, 'codigo_proyecto': 'EEUU', 'asesor': None, 'canal': None, 'medio': None, 'action_owner_proposed': 'SUPERVISOR_COMERCIAL', 'sla_minutes': 15, 'recommended_at': '2026-09-08T01:37:31.198749+00:00', 'expires_at': '2026-09-09T01:37:31.198749+00:00'}"
3cf2fb87-9dfd-5a8c-b18a-2b2f1dcef03e,e2f838fae58ef0cecd31687b7744e157,222784,81bd3d56-570d-464d-b5c1-08778407ad95,0.08070803363697909,CONTACTAR_PRIORIDAD_ALTA,44,"{'semantics': 'PROPENSITY_NOT_CAUSAL_UPLIFT', 'policy_id': 'lead_priority_v2', 'policy_version': '2.0', 'policy_rank': 44, 'experiment_id': '40d01a87-7c87-5550-a053-5b0dbd45a015', 'treatment_group': 'TREATMENT', 'score_id': '86bcfe4e-8cbb-4e9f-8dcb-ca7ed39b955d', 'evidence_key': 'e2f838fae58ef0cecd31687b7744e157', 'lead_id': '222784', 'priority_band': 'A', 'priority_score': 8.138371148620251, 'priority_rank': 19, 'p_separacion_14d': 0.08193653881738532, 'p_minuta_60d': 0.08070803363697909, 'codigo_proyecto': 'MT', 'asesor': None, 'canal': None, 'medio': 'feria inmobiliaria', 'action_owner_proposed': 'SUPERVISOR_COMERCIAL', 'sla_minutes': 15, 'recommended_at': '2026-09-08T01:37:31.198749+00:00', 'expires_at': '2026-09-09T01:37:31.198749+00:00'}"
35ed3a70-3f59-5dd5-b601-1487cb942a75,704ba13ac332737affef1f74cc26db40,222624,81bd3d56-570d-464d-b5c1-08778407ad95,0.06314436650828849,CONTACTAR_PRIORIDAD_ALTA,45,"{'semantics': 'PROPENSITY_NOT_CAUSAL_UPLIFT', 'policy_id': 'lead_priority_v2', 'policy_version': '2.0', 'policy_rank': 45, 'experiment_id': '40d01a87-7c87-5550-a053-5b0dbd45a015', 'treatment_group': 'TREATMENT', 'score_id': 'afd9ebfa-9560-44f0-8734-9182b07dd05a', 'evidence_key': '704ba13ac332737affef1f74cc26db40', 'lead_id': '222624', 'priority_band': 'A', 'priority_score': 7.459496630095286, 'priority_rank': 19, 'p_separacion_14d': 0.08396363885858735, 'p_minuta_60d': 0.06314436650828849, 'codigo_proyecto': 'NP', 'asesor': None, 'canal': None, 'medio': 'feria inmobiliaria', 'action_owner_proposed': 'SUPERVISOR_COMERCIAL', 'sla_minutes': 15, 'recommended_at': '2026-09-08T01:37:31.198749+00:00', 'expires_at': '2026-09-09T01:37:31.198749+00:00'}"
8cfc8256-bac9-5530-9b60-536ac597cc24,f7e6cb1dfe8dd8f55bc2841ba8bffa2b,197954,81bd3d56-570d-464d-b5c1-08778407ad95,0.030249042305895295,CONTACTAR_PRIORIDAD_ALTA,46,"{'semantics': 'PROPENSITY_NOT_CAUSAL_UPLIFT', 'policy_id': 'lead_priority_v2', 'policy_version': '2.0', 'policy_rank': 46, 'experiment_id': '40d01a87-7c87-5550-a053-5b0dbd45a015', 'treatment_group': 'TREATMENT', 'score_id': '1222bb5d-a9c3-4559-9812-18336f693f27', 'evidence_key': 'f7e6cb1dfe8dd8f55bc2841ba8bffa2b', 'lead_id': '197954', 'priority_band': 'A', 'priority_score': 3.5193596248955545, 'priority_rank': 19, 'p_separacion_14d': 0.039239140384186647, 'p_minuta_60d': 0.030249042305895295, 'codigo_proyecto': 'SL', 'asesor': None, 'canal': None, 'medio': 'feria inmobiliaria', 'action_owner_proposed': 'SUPERVISOR_COMERCIAL', 'sla_minutes': 15, 'recommended_at': '2026-09-08T01:37:31.198749+00:00', 'expires_at': '2026-09-09T01:37:31.198749+00:00'}"
3ff48f59-81d1-53fc-98d4-2f3dc2fa4240,6650f5471e8e9f635438343513384484,221991,81bd3d56-570d-464d-b5c1-08778407ad95,0.00705266102479297,CONTACTAR_PRIORIDAD_ALTA,47,"{'semantics': 'PROPENSITY_NOT_CAUSAL_UPLIFT', 'policy_id': 'lead_priority_v2', 'policy_version': '2.0', 'policy_rank': 47, 'experiment_id': '40d01a87-7c87-5550-a053-5b0dbd45a015', 'treatment_group': 'TREATMENT', 'score_id': '8605059a-6af6-42ef-b416-c5a414a25c82', 'evidence_key': '6650f5471e8e9f635438343513384484', 'lead_id': '221991', 'priority_band': 'A', 'priority_score': 0.6534551106366253, 'priority_rank': 19, 'p_separacion_14d': 0.006110642991289848, 'p_minuta_60d': 0.00705266102479297, 'codigo_proyecto': 'NP', 'asesor': None, 'canal': None, 'medio': 'urbania', 'action_owner_proposed': 'SUPERVISOR_COMERCIAL', 'sla_minutes': 15, 'recommended_at': '2026-09-08T01:37:31.198749+00:00', 'expires_at': '2026-09-09T01:37:31.198749+00:00'}"
b3b1c90a-d8c1-5abf-9182-4556dd89d05b,1d87e5c010975e05b767ea5cc021f472,222194,81bd3d56-570d-464d-b5c1-08778407ad95,0.00389714745857985,CONTACTAR_PRIORIDAD_ALTA,49,"{'semantics': 'PROPENSITY_NOT_CAUSAL_UPLIFT', 'policy_id': 'lead_priority_v2', 'policy_version': '2.0', 'policy_rank': 49, 'experiment_id': '40d01a87-7c87-5550-a053-5b0dbd45a015', 'treatment_group': 'TREATMENT', 'score_id': '0aef1004-0476-4468-b0d0-6b0aa30a7f55', 'evidence_key': '1d87e5c010975e05b767ea5cc021f472', 'lead_id': '222194', 'priority_band': 'A', 'priority_score': 0.39051276802558427, 'priority_rank': 19, 'p_separacion_14d': 0.0039116569525361996, 'p_minuta_60d': 0.00389714745857985, 'codigo_proyecto': 'NP', 'asesor': None, 'canal': None, 'medio': 'instagram', 'action_owner_proposed': 'SUPERVISOR_COMERCIAL', 'sla_minutes': 15, 'recommended_at': '2026-09-08T01:37:31.198749+00:00', 'expires_at': '2026-09-09T01:37:31.198749+00:00'}"
93bc0d44-972e-583c-854b-b9d2629ab035,8b9c7fdf8d791b22e8735a30f239de1d,222627,81bd3d56-570d-464d-b5c1-08778407ad95,0.06314436650828849,CONTACTAR_PRIORIDAD_ALTA,52,"{'semantics': 'PROPENSITY_NOT_CAUSAL_UPLIFT', 'policy_id': 'lead_priority_v2', 'policy_version': '2.0', 'policy_rank': 52, 'experiment_id': '40d01a87-7c87-5550-a053-5b0dbd45a015', 'treatment_group': 'TREATMENT', 'score_id': '39d9fd35-5c2e-4245-b9b7-5751b05dd33d', 'evidence_key': '8b9c7fdf8d791b22e8735a30f239de1d', 'lead_id': '222627', 'priority_band': 'A', 'priority_score': 7.459496630095286, 'priority_rank': 20, 'p_separacion_14d': 0.08396363885858735, 'p_minuta_60d': 0.06314436650828849, 'codigo_proyecto': 'NP', 'asesor': None, 'canal': None, 'medio': 'feria inmobiliaria', 'action_owner_proposed': 'SUPERVISOR_COMERCIAL', 'sla_minutes': 15, 'recommended_at': '2026-09-08T01:37:31.198749+00:00', 'expires_at': '2026-09-09T01:37:31.198749+00:00'}"
b2468b04-8cca-57b0-b023-f357045d31b5,1111fedd473df28039ffe61df356086e,197956,81bd3d56-570d-464d-b5c1-08778407ad95,0.030249042305895295,CONTACTAR_PRIORIDAD_ALTA,53,"{'semantics': 'PROPENSITY_NOT_CAUSAL_UPLIFT', 'policy_id': 'lead_priority_v2', 'policy_version': '2.0', 'policy_rank': 53, 'experiment_id': '40d01a87-7c87-5550-a053-5b0dbd45a015', 'treatment_group': 'TREATMENT', 'score_id': '6eb2dc32-ed32-450e-89e1-0bd994cb07f0', 'evidence_key': '1111fedd473df28039ffe61df356086e', 'lead_id': '197956', 'priority_band': 'A', 'priority_score': 3.5193596248955545, 'priority_rank': 20, 'p_separacion_14d': 0.039239140384186647, 'p_minuta_60d': 0.030249042305895295, 'codigo_proyecto': 'SL', 'asesor': None, 'canal': None, 'medio': 'feria inmobiliaria', 'action_owner_proposed': 'SUPERVISOR_COMERCIAL', 'sla_minutes': 15, 'recommended_at': '2026-09-08T01:37:31.198749+00:00', 'expires_at': '2026-09-09T01:37:31.198749+00:00'}"
121c9158-c9ee-57fc-84ea-39942a0ae6fa,32961cfcd92c2df0a6fafe8e398c1d78,212399,81bd3d56-570d-464d-b5c1-08778407ad95,0.0004249709336425268,CONTACTAR_PRIORIDAD_ALTA,56,"{'semantics': 'PROPENSITY_NOT_CAUSAL_UPLIFT', 'policy_id': 'lead_priority_v2', 'policy_version': '2.0', 'policy_rank': 56, 'experiment_id': '40d01a87-7c87-5550-a053-5b0dbd45a015', 'treatment_group': 'TREATMENT', 'score_id': '4c15d2db-587b-4b12-afb0-e53626635fa2', 'evidence_key': '32961cfcd92c2df0a6fafe8e398c1d78', 'lead_id': '212399', 'priority_band': 'A', 'priority_score': 0.047287567036254294, 'priority_rank': 20, 'p_separacion_14d': 0.0005120704549516469, 'p_minuta_60d': 0.0004249709336425268, 'codigo_proyecto': 'MT', 'asesor': None, 'canal': None, 'medio': 'facebook', 'action_owner_proposed': 'SUPERVISOR_COMERCIAL', 'sla_minutes': 15, 'recommended_at': '2026-09-08T01:37:31.198749+00:00', 'expires_at': '2026-09-09T01:37:31.198749+00:00'}"
921f81c3-8ed8-5748-b072-0736395f7384,433ac8adef1a7c8a8358390c199a063e,222630,81bd3d56-570d-464d-b5c1-08778407ad95,0.06314436650828849,CONTACTAR_PRIORIDAD_ALTA,58,"{'semantics': 'PROPENSITY_NOT_CAUSAL_UPLIFT', 'policy_id': 'lead_priority_v2', 'policy_version': '2.0', 'policy_rank': 58, 'experiment_id': '40d01a87-7c87-5550-a053-5b0dbd45a015', 'treatment_group': 'TREATMENT', 'score_id': '353e8e47-39c2-46fc-baba-725e6145967a', 'evidence_key': '433ac8adef1a7c8a8358390c199a063e', 'lead_id': '222630', 'priority_band': 'A', 'priority_score': 7.459496630095286, 'priority_rank': 21, 'p_separacion_14d': 0.08396363885858735, 'p_minuta_60d': 0.06314436650828849, 'codigo_proyecto': 'NP', 'asesor': None, 'canal': None, 'medio': 'feria inmobiliaria', 'action_owner_proposed': 'SUPERVISOR_COMERCIAL', 'sla_minutes': 15, 'recommended_at': '2026-09-08T01:37:31.198749+00:00', 'expires_at': '2026-09-09T01:37:31.198749+00:00'}"
806d67ab-ac4c-5a94-b576-dadd5a033de8,e3564b4b65f45ce73e75a3528bc28156,222406,81bd3d56-570d-464d-b5c1-08778407ad95,0.030249042305895295,CONTACTAR_PRIORIDAD_ALTA,59,"{'semantics': 'PROPENSITY_NOT_CAUSAL_UPLIFT', 'policy_id': 'lead_priority_v2', 'policy_version': '2.0', 'policy_rank': 59, 'experiment_id': '40d01a87-7c87-5550-a053-5b0dbd45a015', 'treatment_group': 'TREATMENT', 'score_id': '82e02e28-04b5-457f-8670-7882fbb4b7db', 'evidence_key': 'e3564b4b65f45ce73e75a3528bc28156', 'lead_id': '222406', 'priority_band': 'A', 'priority_score': 3.5193596248955545, 'priority_rank': 21, 'p_separacion_14d': 0.039239140384186647, 'p_minuta_60d': 0.030249042305895295, 'codigo_proyecto': 'SL', 'asesor': None, 'canal': None, 'medio': 'feria inmobiliaria', 'action_owner_proposed': 'SUPERVISOR_COMERCIAL', 'sla_minutes': 15, 'recommended_at': '2026-09-08T01:37:31.198749+00:00', 'expires_at': '2026-09-09T01:37:31.198749+00:00'}"
d3d5f532-2645-590b-a34f-be4e9be5ea16,6713649cecce6c20241a9f475c612f60,222214,81bd3d56-570d-464d-b5c1-08778407ad95,0.0033121223599609784,CONTACTAR_PRIORIDAD_ALTA,60,"{'semantics': 'PROPENSITY_NOT_CAUSAL_UPLIFT', 'policy_id': 'lead_priority_v2', 'policy_version': '2.0', 'policy_rank': 60, 'experiment_id': '40d01a87-7c87-5550-a053-5b0dbd45a015', 'treatment_group': 'TREATMENT', 'score_id': '54b42b43-5d95-4f8f-9f49-2c2ae394897d', 'evidence_key': '6713649cecce6c20241a9f475c612f60', 'lead_id': '222214', 'priority_band': 'A', 'priority_score': 0.31511761889746226, 'priority_rank': 21, 'p_separacion_14d': 0.0030194929581676046, 'p_minuta_60d': 0.0033121223599609784, 'codigo_proyecto': 'NP', 'asesor': None, 'canal': None, 'medio': None, 'action_owner_proposed': 'SUPERVISOR_COMERCIAL', 'sla_minutes': 15, 'recommended_at': '2026-09-08T01:37:31.198749+00:00', 'expires_at': '2026-09-09T01:37:31.198749+00:00'}"
65127e91-45b3-517b-9522-b984bc3b4f39,5b9da6bdaa9ae5428d09702ca4ea56d6,222883,81bd3d56-570d-464d-b5c1-08778407ad95,0.06136110753869795,CONTACTAR_PRIORIDAD_ALTA,62,"{'semantics': 'PROPENSITY_NOT_CAUSAL_UPLIFT', 'policy_id': 'lead_priority_v2', 'policy_version': '2.0', 'policy_rank': 62, 'experiment_id': '40d01a87-7c87-5550-a053-5b0dbd45a015', 'treatment_group': 'TREATMENT', 'score_id': 'bfc2df5a-b09e-4318-b0bd-2f01e94b86b4', 'evidence_key': '5b9da6bdaa9ae5428d09702ca4ea56d6', 'lead_id': '222883', 'priority_band': 'A', 'priority_score': 7.734769058389768, 'priority_rank': 22, 'p_separacion_14d': 0.09042762216633382, 'p_minuta_60d': 0.06136110753869795, 'codigo_proyecto': 'MD', 'asesor': None, 'canal': None, 'medio': 'feria inmobiliaria', 'action_owner_proposed': 'SUPERVISOR_COMERCIAL', 'sla_minutes': 15, 'recommended_at': '2026-09-08T01:37:31.198749+00:00', 'expires_at': '2026-09-09T01:37:31.198749+00:00'}"
b560f71f-1e2f-5c8c-bdcb-778f2a8e3173,4305b6397734b2c479b4804649b513be,222637,81bd3d56-570d-464d-b5c1-08778407ad95,0.06314436650828849,CONTACTAR_PRIORIDAD_ALTA,63,"{'semantics': 'PROPENSITY_NOT_CAUSAL_UPLIFT', 'policy_id': 'lead_priority_v2', 'policy_version': '2.0', 'policy_rank': 63, 'experiment_id': '40d01a87-7c87-5550-a053-5b0dbd45a015', 'treatment_group': 'TREATMENT', 'score_id': '280e52af-19f8-42dc-8999-4018c7172ddb', 'evidence_key': '4305b6397734b2c479b4804649b513be', 'lead_id': '222637', 'priority_band': 'A', 'priority_score': 7.459496630095286, 'priority_rank': 22, 'p_separacion_14d': 0.08396363885858735, 'p_minuta_60d': 0.06314436650828849, 'codigo_proyecto': 'NP', 'asesor': None, 'canal': None, 'medio': 'feria inmobiliaria', 'action_owner_proposed': 'SUPERVISOR_COMERCIAL', 'sla_minutes': 15, 'recommended_at': '2026-09-08T01:37:31.198749+00:00', 'expires_at': '2026-09-09T01:37:31.198749+00:00'}"
1dd268c2-79fa-5a81-9665-80bb32872c9f,b979b8cb218fc0b01fcf6229adeb4712,222385,81bd3d56-570d-464d-b5c1-08778407ad95,0.029375593171251282,CONTACTAR_PRIORIDAD_ALTA,64,"{'semantics': 'PROPENSITY_NOT_CAUSAL_UPLIFT', 'policy_id': 'lead_priority_v2', 'policy_version': '2.0', 'policy_rank': 64, 'experiment_id': '40d01a87-7c87-5550-a053-5b0dbd45a015', 'treatment_group': 'TREATMENT', 'score_id': '2aec3a65-6d07-4141-bdbe-c0a462f130fd', 'evidence_key': 'b979b8cb218fc0b01fcf6229adeb4712', 'lead_id': '222385', 'priority_band': 'A', 'priority_score': 3.3839229577421728, 'priority_rank': 22, 'p_separacion_14d': 0.03749129572792482, 'p_minuta_60d': 0.029375593171251282, 'codigo_proyecto': 'SL', 'asesor': None, 'canal': None, 'medio': 'feria inmobiliaria', 'action_owner_proposed': 'SUPERVISOR_COMERCIAL', 'sla_minutes': 15, 'recommended_at': '2026-09-08T01:37:31.198749+00:00', 'expires_at': '2026-09-09T01:37:31.198749+00:00'}"
dc307f9e-f828-50fb-bce1-5d9bd7a49844,3a5caf56fd04e4bcdcbbeb285c2ad665,222128,81bd3d56-570d-464d-b5c1-08778407ad95,0.00039648261020318754,CONTACTAR_PRIORIDAD_ALTA,66,"{'semantics': 'PROPENSITY_NOT_CAUSAL_UPLIFT', 'policy_id': 'lead_priority_v2', 'policy_version': '2.0', 'policy_rank': 66, 'experiment_id': '40d01a87-7c87-5550-a053-5b0dbd45a015', 'treatment_group': 'TREATMENT', 'score_id': '75dc98ae-71ca-4a9e-94ac-87a093765d21', 'evidence_key': '3a5caf56fd04e4bcdcbbeb285c2ad665', 'lead_id': '222128', 'priority_band': 'A', 'priority_score': 0.041899757956052774, 'priority_rank': 22, 'p_separacion_14d': 0.0004374189181256243, 'p_minuta_60d': 0.00039648261020318754, 'codigo_proyecto': 'MT', 'asesor': None, 'canal': None, 'medio': 'facebook', 'action_owner_proposed': 'SUPERVISOR_COMERCIAL', 'sla_minutes': 15, 'recommended_at': '2026-09-08T01:37:31.198749+00:00', 'expires_at': '2026-09-09T01:37:31.198749+00:00'}"
a856f048-c9e4-5b4b-bb3a-4be19dc46ca6,493f6b945c3e45f625c54555c68e97d3,222569,81bd3d56-570d-464d-b5c1-08778407ad95,0.05799206511053791,CONTACTAR_PRIORIDAD_ALTA,68,"{'semantics': 'PROPENSITY_NOT_CAUSAL_UPLIFT', 'policy_id': 'lead_priority_v2', 'policy_version': '2.0', 'policy_rank': 68, 'experiment_id': '40d01a87-7c87-5550-a053-5b0dbd45a015', 'treatment_group': 'TREATMENT', 'score_id': '400abde1-90f6-4608-96d1-ad8035c2b6cd', 'evidence_key': '493f6b945c3e45f625c54555c68e97d3', 'lead_id': '222569', 'priority_band': 'A', 'priority_score': 6.660787803691242, 'priority_rank': 23, 'p_separacion_14d': 0.0736571795221279, 'p_minuta_60d': 0.05799206511053791, 'codigo_proyecto': 'NP', 'asesor': None, 'canal': None, 'medio': 'feria inmobiliaria', 'action_owner_proposed': 'SUPERVISOR_COMERCIAL', 'sla_minutes': 15, 'recommended_at': '2026-09-08T01:37:31.198749+00:00', 'expires_at': '2026-09-09T01:37:31.198749+00:00'}"
23bdc5f6-f700-59e7-aa38-c8112ae09f99,7b71ae73fe81b9274916b44da288ae7f,222393,81bd3d56-570d-464d-b5c1-08778407ad95,0.029375593171251282,CONTACTAR_PRIORIDAD_ALTA,69,"{'semantics': 'PROPENSITY_NOT_CAUSAL_UPLIFT', 'policy_id': 'lead_priority_v2', 'policy_version': '2.0', 'policy_rank': 69, 'experiment_id': '40d01a87-7c87-5550-a053-5b0dbd45a015', 'treatment_group': 'TREATMENT', 'score_id': '9e909f54-6ee3-46f0-ba43-50fb78eb828b', 'evidence_key': '7b71ae73fe81b9274916b44da288ae7f', 'lead_id': '222393', 'priority_band': 'A', 'priority_score': 3.3839229577421728, 'priority_rank': 23, 'p_separacion_14d': 0.03749129572792482, 'p_minuta_60d': 0.029375593171251282, 'codigo_proyecto': 'SL', 'asesor': None, 'canal': None, 'medio': 'feria inmobiliaria', 'action_owner_proposed': 'SUPERVISOR_COMERCIAL', 'sla_minutes': 15, 'recommended_at': '2026-09-08T01:37:31.198749+00:00', 'expires_at': '2026-09-09T01:37:31.198749+00:00'}"
bd4580e9-fbc6-5dac-a99f-29499c1de998,a239b8f1c11a3d78ba84da1c861ccf2d,181028,81bd3d56-570d-464d-b5c1-08778407ad95,0.003118593307372066,CONTACTAR_PRIORIDAD_ALTA,70,"{'semantics': 'PROPENSITY_NOT_CAUSAL_UPLIFT', 'policy_id': 'lead_priority_v2', 'policy_version': '2.0', 'policy_rank': 70, 'experiment_id': '40d01a87-7c87-5550-a053-5b0dbd45a015', 'treatment_group': 'TREATMENT', 'score_id': '76852d81-29cc-4219-98b1-594b10932a77', 'evidence_key': 'a239b8f1c11a3d78ba84da1c861ccf2d', 'lead_id': '181028', 'priority_band': 'A', 'priority_score': 0.29143462253272345, 'priority_rank': 23, 'p_separacion_14d': 0.0027472349763814625, 'p_minuta_60d': 0.003118593307372066, 'codigo_proyecto': 'NP', 'asesor': None, 'canal': None, 'medio': None, 'action_owner_proposed': 'SUPERVISOR_COMERCIAL', 'sla_minutes': 15, 'recommended_at': '2026-09-08T01:37:31.198749+00:00', 'expires_at': '2026-09-09T01:37:31.198749+00:00'}"
6e860212-081d-56b6-951b-b0dae6fb7e6c,755574e467ef22ea159afdfc4d97399e,222109,81bd3d56-570d-464d-b5c1-08778407ad95,0.00037325212320306767,CONTACTAR_PRIORIDAD_ALTA,71,"{'semantics': 'PROPENSITY_NOT_CAUSAL_UPLIFT', 'policy_id': 'lead_priority_v2', 'policy_version': '2.0', 'policy_rank': 71, 'experiment_id': '40d01a87-7c87-5550-a053-5b0dbd45a015', 'treatment_group': 'TREATMENT', 'score_id': '7ca9342c-6072-4747-a930-024e93cbf7ad', 'evidence_key': '755574e467ef22ea159afdfc4d97399e', 'lead_id': '222109', 'priority_band': 'A', 'priority_score': 0.03868003946735206, 'priority_rank': 23, 'p_separacion_14d': 0.00039788534405843664, 'p_minuta_60d': 0.00037325212320306767, 'codigo_proyecto': 'MT', 'asesor': None, 'canal': None, 'medio': 'facebook', 'action_owner_proposed': 'SUPERVISOR_COMERCIAL', 'sla_minutes': 15, 'recommended_at': '2026-09-08T01:37:31.198749+00:00', 'expires_at': '2026-09-09T01:37:31.198749+00:00'}"
e1c8542c-b22b-54fe-9b92-dd6fd8ac4500,63def77e4f0b6cb60332b90e0711fcae,222874,81bd3d56-570d-464d-b5c1-08778407ad95,0.06440926099519598,CONTACTAR_PRIORIDAD_ALTA,72,"{'semantics': 'PROPENSITY_NOT_CAUSAL_UPLIFT', 'policy_id': 'lead_priority_v2', 'policy_version': '2.0', 'policy_rank': 72, 'experiment_id': '40d01a87-7c87-5550-a053-5b0dbd45a015', 'treatment_group': 'TREATMENT', 'score_id': '41c89698-27dd-481c-b068-11520fdd7a46', 'evidence_key': '63def77e4f0b6cb60332b90e0711fcae', 'lead_id': '222874', 'priority_band': 'A', 'priority_score': 7.451290149407027, 'priority_rank': 24, 'p_separacion_14d': 0.0827795164476947, 'p_minuta_60d': 0.06440926099519598, 'codigo_proyecto': 'NP', 'asesor': None, 'canal': None, 'medio': 'feria inmobiliaria', 'action_owner_proposed': 'SUPERVISOR_COMERCIAL', 'sla_minutes': 15, 'recommended_at': '2026-09-08T01:37:31.198749+00:00', 'expires_at': '2026-09-09T01:37:31.198749+00:00'}"
df544829-80e4-5097-a5d0-12842596d63e,ce2a2bf77c20edec36722b7e4b569b53,222440,81bd3d56-570d-464d-b5c1-08778407ad95,0.03025815945945757,CONTACTAR_PRIORIDAD_ALTA,74,"{'semantics': 'PROPENSITY_NOT_CAUSAL_UPLIFT', 'policy_id': 'lead_priority_v2', 'policy_version': '2.0', 'policy_rank': 74, 'experiment_id': '40d01a87-7c87-5550-a053-5b0dbd45a015', 'treatment_group': 'TREATMENT', 'score_id': 'dee3e4eb-17bc-445c-990b-8e56d7c1bcea', 'evidence_key': 'ce2a2bf77c20edec36722b7e4b569b53', 'lead_id': '222440', 'priority_band': 'A', 'priority_score': 3.376637159803533, 'priority_rank': 24, 'p_separacion_14d': 0.03663672698414441, 'p_minuta_60d': 0.03025815945945757, 'codigo_proyecto': 'CP', 'asesor': None, 'canal': None, 'medio': 'feria inmobiliaria', 'action_owner_proposed': 'SUPERVISOR_COMERCIAL', 'sla_minutes': 15, 'recommended_at': '2026-09-08T01:37:31.198749+00:00', 'expires_at': '2026-09-09T01:37:31.198749+00:00'}"
1f13f1ff-9bbf-5041-8234-ae4d8b8a37df,7083be7dc2d7ff7622ee8a418b650c3b,161604,81bd3d56-570d-464d-b5c1-08778407ad95,0.0019395066768424522,CONTACTAR_PRIORIDAD_ALTA,75,"{'semantics': 'PROPENSITY_NOT_CAUSAL_UPLIFT', 'policy_id': 'lead_priority_v2', 'policy_version': '2.0', 'policy_rank': 75, 'experiment_id': '40d01a87-7c87-5550-a053-5b0dbd45a015', 'treatment_group': 'TREATMENT', 'score_id': '6e0c186e-4856-4d71-91c7-e674d77e100b', 'evidence_key': '7083be7dc2d7ff7622ee8a418b650c3b', 'lead_id': '161604', 'priority_band': 'A', 'priority_score': 0.21335349439210666, 'priority_rank': 24, 'p_separacion_14d': 0.002292285344258115, 'p_minuta_60d': 0.0019395066768424522, 'codigo_proyecto': 'FX', 'asesor': None, 'canal': None, 'medio': 'instagram', 'action_owner_proposed': 'SUPERVISOR_COMERCIAL', 'sla_minutes': 15, 'recommended_at': '2026-09-08T01:37:31.198749+00:00', 'expires_at': '2026-09-09T01:37:31.198749+00:00'}"
6fb68dae-33fb-5c18-904a-ff07a7950998,c5b6c1fa6c0a483a5e9d3fdd1f4fd918,222111,81bd3d56-570d-464d-b5c1-08778407ad95,0.00037325212320306767,CONTACTAR_PRIORIDAD_ALTA,76,"{'semantics': 'PROPENSITY_NOT_CAUSAL_UPLIFT', 'policy_id': 'lead_priority_v2', 'policy_version': '2.0', 'policy_rank': 76, 'experiment_id': '40d01a87-7c87-5550-a053-5b0dbd45a015', 'treatment_group': 'TREATMENT', 'score_id': '07f23a73-4eb9-4583-85b2-8b9d9e57169b', 'evidence_key': 'c5b6c1fa6c0a483a5e9d3fdd1f4fd918', 'lead_id': '222111', 'priority_band': 'A', 'priority_score': 0.03868003946735206, 'priority_rank': 24, 'p_separacion_14d': 0.00039788534405843664, 'p_minuta_60d': 0.00037325212320306767, 'codigo_proyecto': 'MT', 'asesor': None, 'canal': None, 'medio': 'facebook', 'action_owner_proposed': 'SUPERVISOR_COMERCIAL', 'sla_minutes': 15, 'recommended_at': '2026-09-08T01:37:31.198749+00:00', 'expires_at': '2026-09-09T01:37:31.198749+00:00'}"
93ba5469-2914-55d2-8b5e-2af5d4a6ac88,2032f20d9ba2fc9fb31aa097d2168dca,222886,81bd3d56-570d-464d-b5c1-08778407ad95,0.06440926099519598,CONTACTAR_PRIORIDAD_ALTA,77,"{'semantics': 'PROPENSITY_NOT_CAUSAL_UPLIFT', 'policy_id': 'lead_priority_v2', 'policy_version': '2.0', 'policy_rank': 77, 'experiment_id': '40d01a87-7c87-5550-a053-5b0dbd45a015', 'treatment_group': 'TREATMENT', 'score_id': 'dac05328-c762-462d-b026-8bc450a32611', 'evidence_key': '2032f20d9ba2fc9fb31aa097d2168dca', 'lead_id': '222886', 'priority_band': 'A', 'priority_score': 7.451290149407027, 'priority_rank': 25, 'p_separacion_14d': 0.0827795164476947, 'p_minuta_60d': 0.06440926099519598, 'codigo_proyecto': 'NP', 'asesor': None, 'canal': None, 'medio': 'feria inmobiliaria', 'action_owner_proposed': 'SUPERVISOR_COMERCIAL', 'sla_minutes': 15, 'recommended_at': '2026-09-08T01:37:31.198749+00:00', 'expires_at': '2026-09-09T01:37:31.198749+00:00'}"
6929f633-307a-5e3d-8075-29f419de342b,085b0c0aa6ced1d48b8aaab38cbef82b,222463,81bd3d56-570d-464d-b5c1-08778407ad95,0.048989038594393665,CONTACTAR_PRIORIDAD_ALTA,78,"{'semantics': 'PROPENSITY_NOT_CAUSAL_UPLIFT', 'policy_id': 'lead_priority_v2', 'policy_version': '2.0', 'policy_rank': 78, 'experiment_id': '40d01a87-7c87-5550-a053-5b0dbd45a015', 'treatment_group': 'TREATMENT', 'score_id': '61eb6bcc-ed69-49ed-a30e-963e0d6363e9', 'evidence_key': '085b0c0aa6ced1d48b8aaab38cbef82b', 'lead_id': '222463', 'priority_band': 'A', 'priority_score': 6.58680473801286, 'priority_rank': 25, 'p_separacion_14d': 0.07967814547754806, 'p_minuta_60d': 0.048989038594393665, 'codigo_proyecto': 'MD', 'asesor': None, 'canal': None, 'medio': 'feria inmobiliaria', 'action_owner_proposed': 'SUPERVISOR_COMERCIAL', 'sla_minutes': 15, 'recommended_at': '2026-09-08T01:37:31.198749+00:00', 'expires_at': '2026-09-09T01:37:31.198749+00:00'}"
7e7d7669-ff11-5941-8783-23fda268d733,29a6e33ada6cfe76740a1fe0a943e37f,171207,81bd3d56-570d-464d-b5c1-08778407ad95,0.0260483814048296,CONTACTAR_PRIORIDAD_ALTA,79,"{'semantics': 'PROPENSITY_NOT_CAUSAL_UPLIFT', 'policy_id': 'lead_priority_v2', 'policy_version': '2.0', 'policy_rank': 79, 'experiment_id': '40d01a87-7c87-5550-a053-5b0dbd45a015', 'treatment_group': 'TREATMENT', 'score_id': 'ff6e5457-62f6-451d-b8fb-85bae268e704', 'evidence_key': '29a6e33ada6cfe76740a1fe0a943e37f', 'lead_id': '171207', 'priority_band': 'A', 'priority_score': 3.279124499419623, 'priority_rank': 25, 'p_separacion_14d': 0.0383081333854962, 'p_minuta_60d': 0.0260483814048296, 'codigo_proyecto': 'MD', 'asesor': None, 'canal': None, 'medio': 'caseta de ventas', 'action_owner_proposed': 'SUPERVISOR_COMERCIAL', 'sla_minutes': 15, 'recommended_at': '2026-09-08T01:37:31.198749+00:00', 'expires_at': '2026-09-09T01:37:31.198749+00:00'}"
79584825-c807-524b-aefe-29fd6069f177,fd14dcb283179082ee109bbf68a67b78,222171,81bd3d56-570d-464d-b5c1-08778407ad95,0.0016403050524029929,CONTACTAR_PRIORIDAD_ALTA,80,"{'semantics': 'PROPENSITY_NOT_CAUSAL_UPLIFT', 'policy_id': 'lead_priority_v2', 'policy_version': '2.0', 'policy_rank': 80, 'experiment_id': '40d01a87-7c87-5550-a053-5b0dbd45a015', 'treatment_group': 'TREATMENT', 'score_id': 'fcc870cb-4468-46ac-9f8c-5ec7444245d2', 'evidence_key': 'fd14dcb283179082ee109bbf68a67b78', 'lead_id': '222171', 'priority_band': 'A', 'priority_score': 0.14203164533392776, 'priority_rank': 25, 'p_separacion_14d': 0.0012403257813780556, 'p_minuta_60d': 0.0016403050524029929, 'codigo_proyecto': 'SL', 'asesor': None, 'canal': None, 'medio': None, 'action_owner_proposed': 'SUPERVISOR_COMERCIAL', 'sla_minutes': 15, 'recommended_at': '2026-09-08T01:37:31.198749+00:00', 'expires_at': '2026-09-09T01:37:31.198749+00:00'}"
d5fdc364-dcb6-5085-b7d8-d77c5f1b12c9,85d33bbe928b732f3918fc3913b9c8e6,222899,81bd3d56-570d-464d-b5c1-08778407ad95,0.06440926099519598,CONTACTAR_PRIORIDAD_ALTA,82,"{'semantics': 'PROPENSITY_NOT_CAUSAL_UPLIFT', 'policy_id': 'lead_priority_v2', 'policy_version': '2.0', 'policy_rank': 82, 'experiment_id': '40d01a87-7c87-5550-a053-5b0dbd45a015', 'treatment_group': 'TREATMENT', 'score_id': '3ce9bf81-1f6b-44da-ae47-8aa6ba6e3b3f', 'evidence_key': '85d33bbe928b732f3918fc3913b9c8e6', 'lead_id': '222899', 'priority_band': 'A', 'priority_score': 7.451290149407027, 'priority_rank': 26, 'p_separacion_14d': 0.0827795164476947, 'p_minuta_60d': 0.06440926099519598, 'codigo_proyecto': 'NP', 'asesor': None, 'canal': None, 'medio': 'feria inmobiliaria', 'action_owner_proposed': 'SUPERVISOR_COMERCIAL', 'sla_minutes': 15, 'recommended_at': '2026-09-08T01:37:31.198749+00:00', 'expires_at': '2026-09-09T01:37:31.198749+00:00'}"
39004719-38de-5d51-bc38-726320381238,8b6218657c401097f49376c1790b3574,222466,81bd3d56-570d-464d-b5c1-08778407ad95,0.0529504699641372,CONTACTAR_PRIORIDAD_ALTA,83,"{'semantics': 'PROPENSITY_NOT_CAUSAL_UPLIFT', 'policy_id': 'lead_priority_v2', 'policy_version': '2.0', 'policy_rank': 83, 'experiment_id': '40d01a87-7c87-5550-a053-5b0dbd45a015', 'treatment_group': 'TREATMENT', 'score_id': 'e42b5303-6887-44e2-9f7e-f550971b9df2', 'evidence_key': '8b6218657c401097f49376c1790b3574', 'lead_id': '222466', 'priority_band': 'A', 'priority_score': 6.5700833309142865, 'priority_rank': 26, 'p_separacion_14d': 0.0761329487732384, 'p_minuta_60d': 0.0529504699641372, 'codigo_proyecto': 'NP', 'asesor': None, 'canal': None, 'medio': 'feria inmobiliaria', 'action_owner_proposed': 'SUPERVISOR_COMERCIAL', 'sla_minutes': 15, 'recommended_at': '2026-09-08T01:37:31.198749+00:00', 'expires_at': '2026-09-09T01:37:31.198749+00:00'}"
c4637cd6-d615-50c0-bdb3-2a24070048e6,04adb22e24990201365c4ea14016b7a9,222102,81bd3d56-570d-464d-b5c1-08778407ad95,0.00036215220548175186,CONTACTAR_PRIORIDAD_ALTA,86,"{'semantics': 'PROPENSITY_NOT_CAUSAL_UPLIFT', 'policy_id': 'lead_priority_v2', 'policy_version': '2.0', 'policy_rank': 86, 'experiment_id': '40d01a87-7c87-5550-a053-5b0dbd45a015', 'treatment_group': 'TREATMENT', 'score_id': 'a3111f30-5f45-46a8-a0b9-074a2288880f', 'evidence_key': '04adb22e24990201365c4ea14016b7a9', 'lead_id': '222102', 'priority_band': 'A', 'priority_score': 0.0371681843385632, 'priority_rank': 26, 'p_separacion_14d': 0.00037947881985244287, 'p_minuta_60d': 0.00036215220548175186, 'codigo_proyecto': 'MT', 'asesor': None, 'canal': None, 'medio': 'facebook', 'action_owner_proposed': 'SUPERVISOR_COMERCIAL', 'sla_minutes': 15, 'recommended_at': '2026-09-08T01:37:31.198749+00:00', 'expires_at': '2026-09-09T01:37:31.198749+00:00'}"
7df8ecf5-6b94-5fac-a3d4-d4f64f4a2229,8241e7c6674d20707ecfde77587b231e,222853,81bd3d56-570d-464d-b5c1-08778407ad95,0.06261311360398594,CONTACTAR_PRIORIDAD_ALTA,87,"{'semantics': 'PROPENSITY_NOT_CAUSAL_UPLIFT', 'policy_id': 'lead_priority_v2', 'policy_version': '2.0', 'policy_rank': 87, 'experiment_id': '40d01a87-7c87-5550-a053-5b0dbd45a015', 'treatment_group': 'TREATMENT', 'score_id': '6974e8b8-3499-411d-bd56-bb9a57165319', 'evidence_key': '8241e7c6674d20707ecfde77587b231e', 'lead_id': '222853', 'priority_band': 'A', 'priority_score': 7.176462084235139, 'priority_rank': 27, 'p_separacion_14d': 0.07925221767374127, 'p_minuta_60d': 0.06261311360398594, 'codigo_proyecto': 'NP', 'asesor': None, 'canal': None, 'medio': 'feria inmobiliaria', 'action_owner_proposed': 'SUPERVISOR_COMERCIAL', 'sla_minutes': 15, 'recommended_at': '2026-09-08T01:37:31.198749+00:00', 'expires_at': '2026-09-09T01:37:31.198749+00:00'}"
06ed935c-9f6f-5ce3-91d7-2dd54b11b761,6d66d1a042fb481df76826f9415c8ac6,222546,81bd3d56-570d-464d-b5c1-08778407ad95,0.05636408979349226,CONTACTAR_PRIORIDAD_ALTA,88,"{'semantics': 'PROPENSITY_NOT_CAUSAL_UPLIFT', 'policy_id': 'lead_priority_v2', 'policy_version': '2.0', 'policy_rank': 88, 'experiment_id': '40d01a87-7c87-5550-a053-5b0dbd45a015', 'treatment_group': 'TREATMENT', 'score_id': '05452533-a63d-4822-854e-d88daeb61e8a', 'evidence_key': '6d66d1a042fb481df76826f9415c8ac6', 'lead_id': '222546', 'priority_band': 'A', 'priority_score': 6.413263533283621, 'priority_rank': 27, 'p_separacion_14d': 0.0704887180468449, 'p_minuta_60d': 0.05636408979349226, 'codigo_proyecto': 'NP', 'asesor': None, 'canal': None, 'medio': 'feria inmobiliaria', 'action_owner_proposed': 'SUPERVISOR_COMERCIAL', 'sla_minutes': 15, 'recommended_at': '2026-09-08T01:37:31.198749+00:00', 'expires_at': '2026-09-09T01:37:31.198749+00:00'}"
6a3ace32-0db7-5fcb-b6c8-77a0b9c9b462,b2abb6d842bec1ba67f451efb0778cf8,222375,81bd3d56-570d-464d-b5c1-08778407ad95,0.025829392291919703,CONTACTAR_PRIORIDAD_ALTA,89,"{'semantics': 'PROPENSITY_NOT_CAUSAL_UPLIFT', 'policy_id': 'lead_priority_v2', 'policy_version': '2.0', 'policy_rank': 89, 'experiment_id': '40d01a87-7c87-5550-a053-5b0dbd45a015', 'treatment_group': 'TREATMENT', 'score_id': '08606cf1-1a0d-4ed5-aecf-22f07c09b31e', 'evidence_key': 'b2abb6d842bec1ba67f451efb0778cf8', 'lead_id': '222375', 'priority_band': 'A', 'priority_score': 2.9137476120383767, 'priority_rank': 27, 'p_separacion_14d': 0.03184409016185436, 'p_minuta_60d': 0.025829392291919703, 'codigo_proyecto': 'NP', 'asesor': None, 'canal': None, 'medio': 'caseta de ventas', 'action_owner_proposed': 'SUPERVISOR_COMERCIAL', 'sla_minutes': 15, 'recommended_at': '2026-09-08T01:37:31.198749+00:00', 'expires_at': '2026-09-09T01:37:31.198749+00:00'}"
aa53c19a-7f87-5f9a-b980-6783c91c6f96,7d77d4e0a6d0cd5e7b7dfbf721e3e485,152006,81bd3d56-570d-464d-b5c1-08778407ad95,0.0011303541582395322,CONTACTAR_PRIORIDAD_ALTA,90,"{'semantics': 'PROPENSITY_NOT_CAUSAL_UPLIFT', 'policy_id': 'lead_priority_v2', 'policy_version': '2.0', 'policy_rank': 90, 'experiment_id': '40d01a87-7c87-5550-a053-5b0dbd45a015', 'treatment_group': 'TREATMENT', 'score_id': 'd52a5cad-3868-4c44-8e09-cc275616c570', 'evidence_key': '7d77d4e0a6d0cd5e7b7dfbf721e3e485', 'lead_id': '152006', 'priority_band': 'A', 'priority_score': 0.1251345390744132, 'priority_rank': 27, 'p_separacion_14d': 0.0013503382173388047, 'p_minuta_60d': 0.0011303541582395322, 'codigo_proyecto': 'EEUU', 'asesor': None, 'canal': None, 'medio': 'instagram', 'action_owner_proposed': 'SUPERVISOR_COMERCIAL', 'sla_minutes': 15, 'recommended_at': '2026-09-08T01:37:31.198749+00:00', 'expires_at': '2026-09-09T01:37:31.198749+00:00'}"
fad79107-35ab-562b-a5e6-360dd26f22c9,0297b59dcce19b197027db8ea9f0a384,222857,81bd3d56-570d-464d-b5c1-08778407ad95,0.06261311360398594,CONTACTAR_PRIORIDAD_ALTA,91,"{'semantics': 'PROPENSITY_NOT_CAUSAL_UPLIFT', 'policy_id': 'lead_priority_v2', 'policy_version': '2.0', 'policy_rank': 91, 'experiment_id': '40d01a87-7c87-5550-a053-5b0dbd45a015', 'treatment_group': 'TREATMENT', 'score_id': 'ee36f8fc-6b2d-422e-9b08-a26ae9998952', 'evidence_key': '0297b59dcce19b197027db8ea9f0a384', 'lead_id': '222857', 'priority_band': 'A', 'priority_score': 7.176462084235139, 'priority_rank': 28, 'p_separacion_14d': 0.07925221767374127, 'p_minuta_60d': 0.06261311360398594, 'codigo_proyecto': 'NP', 'asesor': None, 'canal': None, 'medio': 'feria inmobiliaria', 'action_owner_proposed': 'SUPERVISOR_COMERCIAL', 'sla_minutes': 15, 'recommended_at': '2026-09-08T01:37:31.198749+00:00', 'expires_at': '2026-09-09T01:37:31.198749+00:00'}"
8e1c7d3a-acc3-51eb-b1ca-d91172671df5,ce35678ba450538520ab9c93d5003732,222377,81bd3d56-570d-464d-b5c1-08778407ad95,0.026907695941608842,CONTACTAR_PRIORIDAD_ALTA,93,"{'semantics': 'PROPENSITY_NOT_CAUSAL_UPLIFT', 'policy_id': 'lead_priority_v2', 'policy_version': '2.0', 'policy_rank': 93, 'experiment_id': '40d01a87-7c87-5550-a053-5b0dbd45a015', 'treatment_group': 'TREATMENT', 'score_id': 'dcae98b4-1bcd-48ab-99e2-41e29dd354b7', 'evidence_key': 'ce35678ba450538520ab9c93d5003732', 'lead_id': '222377', 'priority_band': 'A', 'priority_score': 2.888574631420188, 'priority_rank': 28, 'p_separacion_14d': 0.03050415116450527, 'p_minuta_60d': 0.026907695941608842, 'codigo_proyecto': 'CP', 'asesor': None, 'canal': None, 'medio': 'feria inmobiliaria', 'action_owner_proposed': 'SUPERVISOR_COMERCIAL', 'sla_minutes': 15, 'recommended_at': '2026-09-08T01:37:31.198749+00:00', 'expires_at': '2026-09-09T01:37:31.198749+00:00'}"
e9aadfc6-ee7b-5fb7-83d7-e1e834aab56b,3980fe96cfb3ea0e3c5cec0fc6c32630,222868,81bd3d56-570d-464d-b5c1-08778407ad95,0.06261311360398594,CONTACTAR_PRIORIDAD_ALTA,94,"{'semantics': 'PROPENSITY_NOT_CAUSAL_UPLIFT', 'policy_id': 'lead_priority_v2', 'policy_version': '2.0', 'policy_rank': 94, 'experiment_id': '40d01a87-7c87-5550-a053-5b0dbd45a015', 'treatment_group': 'TREATMENT', 'score_id': '115aa585-ff28-45e7-bd86-400f97eb19ba', 'evidence_key': '3980fe96cfb3ea0e3c5cec0fc6c32630', 'lead_id': '222868', 'priority_band': 'A', 'priority_score': 7.176462084235139, 'priority_rank': 29, 'p_separacion_14d': 0.07925221767374127, 'p_minuta_60d': 0.06261311360398594, 'codigo_proyecto': 'NP', 'asesor': None, 'canal': None, 'medio': 'feria inmobiliaria', 'action_owner_proposed': 'SUPERVISOR_COMERCIAL', 'sla_minutes': 15, 'recommended_at': '2026-09-08T01:37:31.198749+00:00', 'expires_at': '2026-09-09T01:37:31.198749+00:00'}"
0391db9b-4f5f-568c-b0a0-2f627c1d79a0,3e8d1d1edb83b8dba77df855f87360a1,222539,81bd3d56-570d-464d-b5c1-08778407ad95,0.05477915802977725,CONTACTAR_PRIORIDAD_ALTA,95,"{'semantics': 'PROPENSITY_NOT_CAUSAL_UPLIFT', 'policy_id': 'lead_priority_v2', 'policy_version': '2.0', 'policy_rank': 95, 'experiment_id': '40d01a87-7c87-5550-a053-5b0dbd45a015', 'treatment_group': 'TREATMENT', 'score_id': '08cc38b9-4f76-4f5f-9679-a18611c991ee', 'evidence_key': '3e8d1d1edb83b8dba77df855f87360a1', 'lead_id': '222539', 'priority_band': 'A', 'priority_score': 6.1746266804654795, 'priority_rank': 29, 'p_separacion_14d': 0.06744662852955459, 'p_minuta_60d': 0.05477915802977725, 'codigo_proyecto': 'NP', 'asesor': None, 'canal': None, 'medio': 'feria inmobiliaria', 'action_owner_proposed': 'SUPERVISOR_COMERCIAL', 'sla_minutes': 15, 'recommended_at': '2026-09-08T01:37:31.198749+00:00', 'expires_at': '2026-09-09T01:37:31.198749+00:00'}"
e3db3365-9664-5406-9830-1eaef8481686,032497de4de5cba99d24ec2cf0f3a25e,195422,81bd3d56-570d-464d-b5c1-08778407ad95,0.021344737679658443,CONTACTAR_PRIORIDAD_ALTA,96,"{'semantics': 'PROPENSITY_NOT_CAUSAL_UPLIFT', 'policy_id': 'lead_priority_v2', 'policy_version': '2.0', 'policy_rank': 96, 'experiment_id': '40d01a87-7c87-5550-a053-5b0dbd45a015', 'treatment_group': 'TREATMENT', 'score_id': '656261fb-127c-4e81-8ef9-2c00c67d1d03', 'evidence_key': '032497de4de5cba99d24ec2cf0f3a25e', 'lead_id': '195422', 'priority_band': 'A', 'priority_score': 2.71762751472186, 'priority_rank': 29, 'p_separacion_14d': 0.031947533075222356, 'p_minuta_60d': 0.021344737679658443, 'codigo_proyecto': 'FX', 'asesor': None, 'canal': None, 'medio': 'feria inmobiliaria', 'action_owner_proposed': 'SUPERVISOR_COMERCIAL', 'sla_minutes': 15, 'recommended_at': '2026-09-08T01:37:31.198749+00:00', 'expires_at': '2026-09-09T01:37:31.198749+00:00'}"
23cf5438-5ccd-5b45-9a81-bf2fc7579806,36fd8a1ff3644df6b57cf9550780bf98,222843,81bd3d56-570d-464d-b5c1-08778407ad95,0.0579730340107431,CONTACTAR_PRIORIDAD_ALTA,97,"{'semantics': 'PROPENSITY_NOT_CAUSAL_UPLIFT', 'policy_id': 'lead_priority_v2', 'policy_version': '2.0', 'policy_rank': 97, 'experiment_id': '40d01a87-7c87-5550-a053-5b0dbd45a015', 'treatment_group': 'TREATMENT', 'score_id': 'bdeec3f2-de22-4adb-8369-3dfe0377d4a9', 'evidence_key': '36fd8a1ff3644df6b57cf9550780bf98', 'lead_id': '222843', 'priority_band': 'A', 'priority_score': 7.169916045360656, 'priority_rank': 30, 'p_separacion_14d': 0.08292962754322213, 'p_minuta_60d': 0.0579730340107431, 'codigo_proyecto': 'MD', 'asesor': None, 'canal': None, 'medio': 'feria inmobiliaria', 'action_owner_proposed': 'SUPERVISOR_COMERCIAL', 'sla_minutes': 15, 'recommended_at': '2026-09-08T01:37:31.198749+00:00', 'expires_at': '2026-09-09T01:37:31.198749+00:00'}"
4344190f-07d8-57dd-a07f-d539028a75d5,7d562dd67e1069e0ed4d9405aac34daf,222542,81bd3d56-570d-464d-b5c1-08778407ad95,0.05477915802977725,CONTACTAR_PRIORIDAD_ALTA,98,"{'semantics': 'PROPENSITY_NOT_CAUSAL_UPLIFT', 'policy_id': 'lead_priority_v2', 'policy_version': '2.0', 'policy_rank': 98, 'experiment_id': '40d01a87-7c87-5550-a053-5b0dbd45a015', 'treatment_group': 'TREATMENT', 'score_id': '4b73af57-8996-494e-9e20-951ffcaee3f3', 'evidence_key': '7d562dd67e1069e0ed4d9405aac34daf', 'lead_id': '222542', 'priority_band': 'A', 'priority_score': 6.1746266804654795, 'priority_rank': 30, 'p_separacion_14d': 0.06744662852955459, 'p_minuta_60d': 0.05477915802977725, 'codigo_proyecto': 'NP', 'asesor': None, 'canal': None, 'medio': 'feria inmobiliaria', 'action_owner_proposed': 'SUPERVISOR_COMERCIAL', 'sla_minutes': 15, 'recommended_at': '2026-09-08T01:37:31.198749+00:00', 'expires_at': '2026-09-09T01:37:31.198749+00:00'}"
cbc80a1d-b74b-5d7b-b313-d1afb371d263,eb45407e52e60ba6524ab2e9a24850b9,222840,81bd3d56-570d-464d-b5c1-08778407ad95,0.0579730340107431,CONTACTAR_PRIORIDAD_ALTA,100,"{'semantics': 'PROPENSITY_NOT_CAUSAL_UPLIFT', 'policy_id': 'lead_priority_v2', 'policy_version': '2.0', 'policy_rank': 100, 'experiment_id': '40d01a87-7c87-5550-a053-5b0dbd45a015', 'treatment_group': 'TREATMENT', 'score_id': '98d752e0-da33-4dfe-84a0-ba5f44f79416', 'evidence_key': 'eb45407e52e60ba6524ab2e9a24850b9', 'lead_id': '222840', 'priority_band': 'A', 'priority_score': 7.169916045360656, 'priority_rank': 31, 'p_separacion_14d': 0.08292962754322213, 'p_minuta_60d': 0.0579730340107431, 'codigo_proyecto': 'MD', 'asesor': None, 'canal': None, 'medio': 'feria inmobiliaria', 'action_owner_proposed': 'SUPERVISOR_COMERCIAL', 'sla_minutes': 15, 'recommended_at': '2026-09-08T01:37:31.198749+00:00', 'expires_at': '2026-09-09T01:37:31.198749+00:00'}"
