recommendation_id,evidence_key,lead_id,priority_band,priority_score,policy_rank,sla_minutes,action_owner_proposed,recommended_at,expires_at,recommended_action,action_id,action_taken,action_owner,action_at,action_cost,followed_recommendation,separacion_14d,separacion_observed_at,minuta_60d,minuta_observed_at,minutes_to_action,within_sla
016896dc-17d9-5ff9-93fc-b926cb8df350,1059570d5e9d366256ac52c9aabc0e04,222588,A,10.570875400801645,2,15,SUPERVISOR_COMERCIAL,2026-09-08 00:14:54.201579+00:00,2026-09-09 00:14:54.201579+00:00,CONTACTAR_PRIORIDAD_ALTA,,,,,,,,,,,,False
1e08f8f1-eae7-5dd1-bc01-e06bfba7fc69,ee71f1a5082041be4fe3a307038df01a,222929,A,10.486132806120798,3,15,SUPERVISOR_COMERCIAL,2026-09-08 00:14:54.201579+00:00,2026-09-09 00:14:54.201579+00:00,CONTACTAR_PRIORIDAD_ALTA,,,,,,,,,,,,False
dc0fd357-43df-557a-b855-4c3c399dbcc7,a07cdab9900f174b2151848a24557eb6,218864,A,9.011775417992308,4,15,SUPERVISOR_COMERCIAL,2026-09-08 00:14:54.201579+00:00,2026-09-09 00:14:54.201579+00:00,CONTACTAR_PRIORIDAD_ALTA,,,,,,,,,,,,False
7e936c89-d8a9-51c0-bc05-6f03740aae1a,d49374535febce2b802608d7ddf37881,222246,A,7.783438882314721,6,15,SUPERVISOR_COMERCIAL,2026-09-08 00:14:54.201579+00:00,2026-09-09 00:14:54.201579+00:00,CONTACTAR_PRIORIDAD_ALTA,,,,,,,,,,,,False
336b92de-dfa3-56fc-abf2-f0985a1e0870,881dafdc1b34e1133f5015d49f165b24,221862,A,3.2757358207788787,7,15,SUPERVISOR_COMERCIAL,2026-09-08 00:14:54.201579+00:00,2026-09-09 00:14:54.201579+00:00,CONTACTAR_PRIORIDAD_ALTA,,,,,,,,,,,,False
e443700a-1dc2-53e6-a0fb-2e5b8d91aabe,58fe9063173849bec7e1ea2884d679ab,222708,A,10.870681473932217,8,15,SUPERVISOR_COMERCIAL,2026-09-08 00:14:54.201579+00:00,2026-09-09 00:14:54.201579+00:00,CONTACTAR_PRIORIDAD_ALTA,,,,,,,,,,,,False
6360c3f4-3a75-5ab7-98b6-7c427722692e,d75a4780915f03b15d7c4b2dcf0ea87e,222935,A,10.486132806120798,9,15,SUPERVISOR_COMERCIAL,2026-09-08 00:14:54.201579+00:00,2026-09-09 00:14:54.201579+00:00,CONTACTAR_PRIORIDAD_ALTA,,,,,,,,,,,,False
ea2c39b9-7d2b-594d-ac41-992d6b2e2d75,bc56bb505b3c5123bce478fa5404dfab,222646,A,10.11579569103592,10,15,SUPERVISOR_COMERCIAL,2026-09-08 00:14:54.201579+00:00,2026-09-09 00:14:54.201579+00:00,CONTACTAR_PRIORIDAD_ALTA,,,,,,,,,,,,False
32bd295d-28e7-5185-9b52-cdbed9e2657b,f06337e58686e5b507b08f7d36fcff7e,213577,A,8.924232217183345,11,15,SUPERVISOR_COMERCIAL,2026-09-08 00:14:54.201579+00:00,2026-09-09 00:14:54.201579+00:00,CONTACTAR_PRIORIDAD_ALTA,,,,,,,,,,,,False
a3112a18-1080-55fb-bd43-f7b25312944d,e887cf57edf79bd6506971ac56dda652,214363,A,6.710289520937717,12,15,SUPERVISOR_COMERCIAL,2026-09-08 00:14:54.201579+00:00,2026-09-09 00:14:54.201579+00:00,CONTACTAR_PRIORIDAD_ALTA,,,,,,,,,,,,False
49315655-1634-5adb-8681-910591056dfd,2569ba87b9ee534fd70ee320f616650f,221982,A,3.042929233355865,13,15,SUPERVISOR_COMERCIAL,2026-09-08 00:14:54.201579+00:00,2026-09-09 00:14:54.201579+00:00,CONTACTAR_PRIORIDAD_ALTA,,,,,,,,,,,,False
54b3ca9a-8663-539f-b537-ea264fd6bed8,799962d86962c49a21a41f6bea7dee44,222650,A,10.11579569103592,16,15,SUPERVISOR_COMERCIAL,2026-09-08 00:14:54.201579+00:00,2026-09-09 00:14:54.201579+00:00,CONTACTAR_PRIORIDAD_ALTA,,,,,,,,,,,,False
d7dd948c-921a-59be-83fe-128301662fc4,9dd7b25c22407d507e39b55e4a3611ae,222930,A,8.341197952602613,18,15,SUPERVISOR_COMERCIAL,2026-09-08 00:14:54.201579+00:00,2026-09-09 00:14:54.201579+00:00,CONTACTAR_PRIORIDAD_ALTA,,,,,,,,,,,,False
335b0b6d-cd25-5217-a6fc-21adf900be67,d04f61b3584931e269cd78931128def4,222217,A,2.329105100195794,21,15,SUPERVISOR_COMERCIAL,2026-09-08 00:14:54.201579+00:00,2026-09-09 00:14:54.201579+00:00,CONTACTAR_PRIORIDAD_ALTA,,,,,,,,,,,,False
872f0c5e-98a9-5d0e-aa74-2e654a384bf0,671880bf3cc43674b0dbb7b6f3ab8139,222683,A,10.487031316944979,22,15,SUPERVISOR_COMERCIAL,2026-09-08 00:14:54.201579+00:00,2026-09-09 00:14:54.201579+00:00,CONTACTAR_PRIORIDAD_ALTA,,,,,,,,,,,,False
e5259825-7df9-5d67-81e7-798209c3b1ec,c018dd654a2ad74eb88f06f8858ee766,222566,A,9.814165096719458,23,15,SUPERVISOR_COMERCIAL,2026-09-08 00:14:54.201579+00:00,2026-09-09 00:14:54.201579+00:00,CONTACTAR_PRIORIDAD_ALTA,,,,,,,,,,,,False
3696e1fb-9e27-51c3-ba6e-c70634c76e22,86d49a353db747caabdc0afafb8ce41d,222961,A,8.336808816093072,24,15,SUPERVISOR_COMERCIAL,2026-09-08 00:14:54.201579+00:00,2026-09-09 00:14:54.201579+00:00,CONTACTAR_PRIORIDAD_ALTA,,,,,,,,,,,,False
a11e78a6-5653-5cc9-a255-cd7899904465,7bc2a28f3dd4d75a66f121d16e9cdacc,178864,A,7.69081457103036,25,15,SUPERVISOR_COMERCIAL,2026-09-08 00:14:54.201579+00:00,2026-09-09 00:14:54.201579+00:00,CONTACTAR_PRIORIDAD_ALTA,,,,,,,,,,,,False
adc3a95e-baac-540f-82e6-6f9e276ae2be,d2f23c73219ec6f59d436d16d50b3225,175554,A,4.030216994106139,26,15,SUPERVISOR_COMERCIAL,2026-09-08 00:14:54.201579+00:00,2026-09-09 00:14:54.201579+00:00,CONTACTAR_PRIORIDAD_ALTA,,,,,,,,,,,,False
ee03dc92-7b9f-5a4b-9736-45aeaa8973f1,0ad8cbf9a507edfdb7037fb4ff940f71,222226,A,1.853961764066233,27,15,SUPERVISOR_COMERCIAL,2026-09-08 00:14:54.201579+00:00,2026-09-09 00:14:54.201579+00:00,CONTACTAR_PRIORIDAD_ALTA,,,,,,,,,,,,False
835ea068-9059-55fe-91b6-55f55c2613d3,a73919e9f609675c66c5932e67523f35,222698,A,10.487031316944979,28,15,SUPERVISOR_COMERCIAL,2026-09-08 00:14:54.201579+00:00,2026-09-09 00:14:54.201579+00:00,CONTACTAR_PRIORIDAD_ALTA,,,,,,,,,,,,False
e6e18b27-865b-5ce6-b29c-eda102aa57cd,f25f17ebe0b88910be6f44f47146b68b,222623,A,9.756686612797578,29,15,SUPERVISOR_COMERCIAL,2026-09-08 00:14:54.201579+00:00,2026-09-09 00:14:54.201579+00:00,CONTACTAR_PRIORIDAD_ALTA,,,,,,,,,,,,False
43185c79-2c8b-5842-9ed1-479132480986,102eae790d7558a5f1caaef6dc01637f,222936,A,8.031172330849817,30,15,SUPERVISOR_COMERCIAL,2026-09-08 00:14:54.201579+00:00,2026-09-09 00:14:54.201579+00:00,CONTACTAR_PRIORIDAD_ALTA,,,,,,,,,,,,False
65bbd213-e98c-563b-9b2c-1706ab2691df,a543cfe5ae12b647416dc29abf5c7022,222436,A,7.69081457103036,31,15,SUPERVISOR_COMERCIAL,2026-09-08 00:14:54.201579+00:00,2026-09-09 00:14:54.201579+00:00,CONTACTAR_PRIORIDAD_ALTA,,,,,,,,,,,,False
dcbee359-df7d-5bbd-96cd-b00b04142841,8b6ffe9b3af362f25781a90eda3ccef8,175557,A,4.030216994106139,32,15,SUPERVISOR_COMERCIAL,2026-09-08 00:14:54.201579+00:00,2026-09-09 00:14:54.201579+00:00,CONTACTAR_PRIORIDAD_ALTA,,,,,,,,,,,,False
3c65b40c-7f8d-595c-a4f9-0491f5e9a5e3,b72e4819826a8d8a3e0424d7c32792c9,178867,A,1.8211798099080276,34,15,SUPERVISOR_COMERCIAL,2026-09-08 00:14:54.201579+00:00,2026-09-09 00:14:54.201579+00:00,CONTACTAR_PRIORIDAD_ALTA,,,,,,,,,,,,False
f372b7ef-03aa-53f3-a9d7-26b65ae1a50b,ee00620649339ca2ef9495baeb8f2301,222901,A,10.115951285318634,35,15,SUPERVISOR_COMERCIAL,2026-09-08 00:14:54.201579+00:00,2026-09-09 00:14:54.201579+00:00,CONTACTAR_PRIORIDAD_ALTA,,,,,,,,,,,,False
8a07dded-8b7f-50fb-85c4-4a6b3fa2bb92,3a8492a345148349e3c66345709a5c24,222602,A,9.409412885208617,36,15,SUPERVISOR_COMERCIAL,2026-09-08 00:14:54.201579+00:00,2026-09-09 00:14:54.201579+00:00,CONTACTAR_PRIORIDAD_ALTA,,,,,,,,,,,,False
0d08b017-321b-5de4-926b-abd59a84a308,338cf8bc6f8e6acc61e53e468931672e,222942,A,8.031172330849817,37,15,SUPERVISOR_COMERCIAL,2026-09-08 00:14:54.201579+00:00,2026-09-09 00:14:54.201579+00:00,CONTACTAR_PRIORIDAD_ALTA,,,,,,,,,,,,False
31c6b956-2829-554b-953f-786d5e99506c,75802ba992c60c1199feb5ac2c2616ad,222411,A,7.410194500013407,38,15,SUPERVISOR_COMERCIAL,2026-09-08 00:14:54.201579+00:00,2026-09-09 00:14:54.201579+00:00,CONTACTAR_PRIORIDAD_ALTA,,,,,,,,,,,,False
18ae1007-3e0b-58ac-b4e4-c08c58c0d1c2,42459b3c1473ba0ad2a0cd78e6c13e2f,212045,A,2.697906414343931,39,15,SUPERVISOR_COMERCIAL,2026-09-08 00:14:54.201579+00:00,2026-09-09 00:14:54.201579+00:00,CONTACTAR_PRIORIDAD_ALTA,,,,,,,,,,,,False
2618c343-9c26-5e2c-ae88-503994ff4954,a8a72c99c1d0fb5fe33cc9c44f5de683,218597,A,1.9900377147199642,40,15,SUPERVISOR_COMERCIAL,2026-09-08 00:14:54.201579+00:00,2026-09-09 00:14:54.201579+00:00,CONTACTAR_PRIORIDAD_ALTA,,,,,,,,,,,,False
8399e92a-360d-5631-960d-7d4665612324,fb0dbb2456fd59c55c540df2b7ca28b1,222218,A,1.782146894621243,41,15,SUPERVISOR_COMERCIAL,2026-09-08 00:14:54.201579+00:00,2026-09-09 00:14:54.201579+00:00,CONTACTAR_PRIORIDAD_ALTA,,,,,,,,,,,,False
717ab5ff-5c29-5623-a6e3-f6da9df2ec78,1939c6f1b9181ecacc30f918031daa1a,222919,A,10.115951285318634,42,15,SUPERVISOR_COMERCIAL,2026-09-08 00:14:54.201579+00:00,2026-09-09 00:14:54.201579+00:00,CONTACTAR_PRIORIDAD_ALTA,,,,,,,,,,,,False
e71c95ec-3224-5884-b47a-a776dbcbd045,ad936b7b6d81cd6cb52a57c9487d8bd4,222614,A,9.409412885208617,43,15,SUPERVISOR_COMERCIAL,2026-09-08 00:14:54.201579+00:00,2026-09-09 00:14:54.201579+00:00,CONTACTAR_PRIORIDAD_ALTA,,,,,,,,,,,,False
9506462c-c108-5c4c-81a3-2a8ee12afaeb,06addc646ace6f11d84b3769cbbbeafa,211980,A,2.697906414343931,46,15,SUPERVISOR_COMERCIAL,2026-09-08 00:14:54.201579+00:00,2026-09-09 00:14:54.201579+00:00,CONTACTAR_PRIORIDAD_ALTA,,,,,,,,,,,,False
8d087fa9-4a1e-59a9-a6d0-f590389e8a42,6432b504aaf7bccecfd1a63a5bb7f565,221934,A,1.888671352656288,47,15,SUPERVISOR_COMERCIAL,2026-09-08 00:14:54.201579+00:00,2026-09-09 00:14:54.201579+00:00,CONTACTAR_PRIORIDAD_ALTA,,,,,,,,,,,,False
a90ceb84-684f-592d-a80b-0d2d6b892670,664ef696fed1e83400daba0bf687775b,222221,A,1.782146894621243,48,15,SUPERVISOR_COMERCIAL,2026-09-08 00:14:54.201579+00:00,2026-09-09 00:14:54.201579+00:00,CONTACTAR_PRIORIDAD_ALTA,,,,,,,,,,,,False
5375a4ac-ab7e-57d4-a3f2-58c8de8bf1d1,bd11d2092410e2c3e303a4b2be5670e3,222871,A,9.757854477261962,49,15,SUPERVISOR_COMERCIAL,2026-09-08 00:14:54.201579+00:00,2026-09-09 00:14:54.201579+00:00,CONTACTAR_PRIORIDAD_ALTA,,,,,,,,,,,,False
49226ac2-c4d9-52d9-a4ba-89976c0348cd,4671cd92987df74bdf11b009517172a1,222424,A,7.410194500013407,51,15,SUPERVISOR_COMERCIAL,2026-09-08 00:14:54.201579+00:00,2026-09-09 00:14:54.201579+00:00,CONTACTAR_PRIORIDAD_ALTA,,,,,,,,,,,,False
1d024765-50ea-52ca-ab90-bb6b45ce1dad,e4d179dd1702e4c6132abc49bf28de36,222946,A,4.682264603850564,52,15,SUPERVISOR_COMERCIAL,2026-09-08 00:14:54.201579+00:00,2026-09-09 00:14:54.201579+00:00,CONTACTAR_PRIORIDAD_ALTA,,,,,,,,,,,,False
f7a2354c-ef21-5207-a4ae-fc52a9cacd6c,8b757b994a2417c55cf016431df39752,222230,A,1.5986291833538848,55,15,SUPERVISOR_COMERCIAL,2026-09-08 00:14:54.201579+00:00,2026-09-09 00:14:54.201579+00:00,CONTACTAR_PRIORIDAD_ALTA,,,,,,,,,,,,False
af47774f-c59a-5958-a92f-17574c7b7d01,d46eb00d0388dd9ab01d3b4173174ae3,222877,A,9.757854477261962,56,15,SUPERVISOR_COMERCIAL,2026-09-08 00:14:54.201579+00:00,2026-09-09 00:14:54.201579+00:00,CONTACTAR_PRIORIDAD_ALTA,,,,,,,,,,,,False
ad0c138d-703d-5b1e-ba9e-40feba4fc0e4,f97056235ec05bbf7eadaabd57fb5572,222582,A,9.073681102491488,57,15,SUPERVISOR_COMERCIAL,2026-09-08 00:14:54.201579+00:00,2026-09-09 00:14:54.201579+00:00,CONTACTAR_PRIORIDAD_ALTA,,,,,,,,,,,,False
cdbfbf8d-e685-50e3-a48f-a534e270995b,4e4c9fc22d9215e78c92aab4995568fd,222357,A,7.182631709263789,58,15,SUPERVISOR_COMERCIAL,2026-09-08 00:14:54.201579+00:00,2026-09-09 00:14:54.201579+00:00,CONTACTAR_PRIORIDAD_ALTA,,,,,,,,,,,,False
6b6e8230-aed8-505c-951b-37f78b224743,45e985a271aacca79a588bfcd522390c,222939,A,3.0904610076188774,59,15,SUPERVISOR_COMERCIAL,2026-09-08 00:14:54.201579+00:00,2026-09-09 00:14:54.201579+00:00,CONTACTAR_PRIORIDAD_ALTA,,,,,,,,,,,,False
c9f18ef5-606e-5dd7-9552-c65d2ef2846e,95c91f432d0c7e69b7024ce23b3488f7,222100,A,1.9400249213462804,60,15,SUPERVISOR_COMERCIAL,2026-09-08 00:14:54.201579+00:00,2026-09-09 00:14:54.201579+00:00,CONTACTAR_PRIORIDAD_ALTA,,,,,,,,,,,,False
ed74ed08-043f-5bf9-89fc-ec0fc8c83533,4133b8c16ee5ce1f596207f8b912f45e,221953,A,1.7143402336133828,61,15,SUPERVISOR_COMERCIAL,2026-09-08 00:14:54.201579+00:00,2026-09-09 00:14:54.201579+00:00,CONTACTAR_PRIORIDAD_ALTA,,,,,,,,,,,,False
c20acf57-a9a5-52e2-96e1-9c71ee28cca7,edce847be00a35ff7febced6ad27d20a,222255,A,1.0274561515662817,62,15,SUPERVISOR_COMERCIAL,2026-09-08 00:14:54.201579+00:00,2026-09-09 00:14:54.201579+00:00,CONTACTAR_PRIORIDAD_ALTA,,,,,,,,,,,,False
dddb0b66-7be7-564a-8b2c-6e29b0fb4b62,79b3f10555a0ef3c5ccbc2fb02dd089d,222882,A,9.757854477261962,63,15,SUPERVISOR_COMERCIAL,2026-09-08 00:14:54.201579+00:00,2026-09-09 00:14:54.201579+00:00,CONTACTAR_PRIORIDAD_ALTA,,,,,,,,,,,,False
eb066e42-fdeb-5ecd-99c7-67df473e7c79,d21a45e1d715a9c07790c80761877eea,222597,A,9.073681102491488,64,15,SUPERVISOR_COMERCIAL,2026-09-08 00:14:54.201579+00:00,2026-09-09 00:14:54.201579+00:00,CONTACTAR_PRIORIDAD_ALTA,,,,,,,,,,,,False
a96fb812-19b1-54df-b401-e86841fa0e3d,2ef88d5a56c054f689623024232d399f,195449,A,7.139379330195003,65,15,SUPERVISOR_COMERCIAL,2026-09-08 00:14:54.201579+00:00,2026-09-09 00:14:54.201579+00:00,CONTACTAR_PRIORIDAD_ALTA,,,,,,,,,,,,False
4057cc97-dec0-5efd-a7e8-516a83d54b54,522947894b403722b69b46b48fd243ea,222904,A,3.0904610076188774,66,15,SUPERVISOR_COMERCIAL,2026-09-08 00:14:54.201579+00:00,2026-09-09 00:14:54.201579+00:00,CONTACTAR_PRIORIDAD_ALTA,,,,,,,,,,,,False
82f25552-5a70-58c4-95c8-ee7375df899f,6324db3edfb54ba5da29770a2194fca1,222081,A,1.7827300494953993,67,15,SUPERVISOR_COMERCIAL,2026-09-08 00:14:54.201579+00:00,2026-09-09 00:14:54.201579+00:00,CONTACTAR_PRIORIDAD_ALTA,,,,,,,,,,,,False
2e2efe89-47b2-5e62-b2e3-8bf7ea3e641b,eef4c574efea6e0d88e3310d90171f6a,221984,A,1.5078694400364805,68,15,SUPERVISOR_COMERCIAL,2026-09-08 00:14:54.201579+00:00,2026-09-09 00:14:54.201579+00:00,CONTACTAR_PRIORIDAD_ALTA,,,,,,,,,,,,False
2605bb53-b2ad-5c40-90ad-56a97e9a5636,9ea8ec222f3d7e7ee4e9505b0a762de7,222215,A,0.9877327267757865,69,15,SUPERVISOR_COMERCIAL,2026-09-08 00:14:54.201579+00:00,2026-09-09 00:14:54.201579+00:00,CONTACTAR_PRIORIDAD_ALTA,,,,,,,,,,,,False
a39cab88-57e4-5d20-ae5e-e99416b83027,202a9c6fe84a836f8a76dc50134fbb0f,222454,A,8.282630297730725,71,15,SUPERVISOR_COMERCIAL,2026-09-08 00:14:54.201579+00:00,2026-09-09 00:14:54.201579+00:00,CONTACTAR_PRIORIDAD_ALTA,,,,,,,,,,,,False
adccad5c-3a2d-59e5-b78f-2a32b66e19d4,8dbaab89dcef776b416a10f5e81fc66c,222932,A,3.0453248585911084,73,15,SUPERVISOR_COMERCIAL,2026-09-08 00:14:54.201579+00:00,2026-09-09 00:14:54.201579+00:00,CONTACTAR_PRIORIDAD_ALTA,,,,,,,,,,,,False
077a00b3-1de6-506b-ab90-0e140b729a7f,19f2afd026c5614bf4108ff632c3f51a,222124,A,1.631426092999397,74,15,SUPERVISOR_COMERCIAL,2026-09-08 00:14:54.201579+00:00,2026-09-09 00:14:54.201579+00:00,CONTACTAR_PRIORIDAD_ALTA,,,,,,,,,,,,False
f972b946-3ad9-56be-b4d7-72b8843f60a5,26b106cce517d20e0fc8aac5806cf6a6,218601,A,1.4743019545882514,75,15,SUPERVISOR_COMERCIAL,2026-09-08 00:14:54.201579+00:00,2026-09-09 00:14:54.201579+00:00,CONTACTAR_PRIORIDAD_ALTA,,,,,,,,,,,,False
40ea42b6-e178-58a9-9444-350460e14425,e2416bd92b72892af51d9d1d3234507e,222155,A,0.8268570015046136,76,15,SUPERVISOR_COMERCIAL,2026-09-08 00:14:54.201579+00:00,2026-09-09 00:14:54.201579+00:00,CONTACTAR_PRIORIDAD_ALTA,,,,,,,,,,,,False
8f3a9453-8459-5950-a30a-4f0aa7ebdc8b,13f41d7c459b3a45601f3b0674983ebb,222864,A,9.411550378229707,77,15,SUPERVISOR_COMERCIAL,2026-09-08 00:14:54.201579+00:00,2026-09-09 00:14:54.201579+00:00,CONTACTAR_PRIORIDAD_ALTA,,,,,,,,,,,,False
e1571569-ec38-5242-9e09-841535ccf0f8,e0c4a789e8a3028a0c7f0dd3389a646b,222647,A,8.050097744355744,78,15,SUPERVISOR_COMERCIAL,2026-09-08 00:14:54.201579+00:00,2026-09-09 00:14:54.201579+00:00,CONTACTAR_PRIORIDAD_ALTA,,,,,,,,,,,,False
fb56dedd-b906-5c73-a159-117d74bf4389,4b0dc99e89e2ff973e9961cfeaf5f203,222439,A,5.855879409124566,79,15,SUPERVISOR_COMERCIAL,2026-09-08 00:14:54.201579+00:00,2026-09-09 00:14:54.201579+00:00,CONTACTAR_PRIORIDAD_ALTA,,,,,,,,,,,,False
2f23eac1-19e6-56cd-bc48-a3513713cf00,379c5811077ec4fcf8a4abdcab6bc8b3,222960,A,2.53304053015914,80,15,SUPERVISOR_COMERCIAL,2026-09-08 00:14:54.201579+00:00,2026-09-09 00:14:54.201579+00:00,CONTACTAR_PRIORIDAD_ALTA,,,,,,,,,,,,False
bea31d52-91d6-5054-b4c4-fd28518689de,64f63fabcd7132b976982409a1cfeca3,138909,A,0.7552643085006182,82,15,SUPERVISOR_COMERCIAL,2026-09-08 00:14:54.201579+00:00,2026-09-09 00:14:54.201579+00:00,CONTACTAR_PRIORIDAD_ALTA,,,,,,,,,,,,False
3a9475fc-de7c-561b-81ad-d976abd538dd,e68ab0623508bd18cb853beb360f7713,222139,A,0.7357617968066388,83,15,SUPERVISOR_COMERCIAL,2026-09-08 00:14:54.201579+00:00,2026-09-09 00:14:54.201579+00:00,CONTACTAR_PRIORIDAD_ALTA,,,,,,,,,,,,False
fb1834f5-e6ef-5eef-9243-aa2e3b652592,9d16cfe3da1d8d65fbe73259d31a60b6,222830,A,9.07674502497465,84,15,SUPERVISOR_COMERCIAL,2026-09-08 00:14:54.201579+00:00,2026-09-09 00:14:54.201579+00:00,CONTACTAR_PRIORIDAD_ALTA,,,,,,,,,,,,False
775bc5de-9063-5b73-b93b-5b661b3e3270,96f30146944abe5c2bab51a33f719ba3,220027,A,8.050097744355744,85,15,SUPERVISOR_COMERCIAL,2026-09-08 00:14:54.201579+00:00,2026-09-09 00:14:54.201579+00:00,CONTACTAR_PRIORIDAD_ALTA,,,,,,,,,,,,False
f9db9ae8-c245-5dec-af44-c55c08ce6bc4,17e5450e12216754cd202fe68ee26cbf,197878,A,5.640849128366695,86,15,SUPERVISOR_COMERCIAL,2026-09-08 00:14:54.201579+00:00,2026-09-09 00:14:54.201579+00:00,CONTACTAR_PRIORIDAD_ALTA,,,,,,,,,,,,False
78b41973-763d-5cce-a20d-d6fff6a82117,160735e327217431ad6b3393f0c5f3a5,222938,A,2.4348373935692043,87,15,SUPERVISOR_COMERCIAL,2026-09-08 00:14:54.201579+00:00,2026-09-09 00:14:54.201579+00:00,CONTACTAR_PRIORIDAD_ALTA,,,,,,,,,,,,False
06b5786b-7412-5cc4-bd74-6125543473e2,aff8ae5c58c731e28d9f7ce24a711765,222082,A,0.6580335161202131,89,15,SUPERVISOR_COMERCIAL,2026-09-08 00:14:54.201579+00:00,2026-09-09 00:14:54.201579+00:00,CONTACTAR_PRIORIDAD_ALTA,,,,,,,,,,,,False
3ee2bf75-df79-5c07-8ffc-8902a61cb434,ed423f597b440b05b0be1d5dd37da7f1,222809,A,8.75314340977899,91,15,SUPERVISOR_COMERCIAL,2026-09-08 00:14:54.201579+00:00,2026-09-09 00:14:54.201579+00:00,CONTACTAR_PRIORIDAD_ALTA,,,,,,,,,,,,False
c3d0fbc6-4a2a-5ee6-ba68-1f65302183a9,a09075dfd264109c866f1191825685f9,222651,A,7.745397778677216,92,15,SUPERVISOR_COMERCIAL,2026-09-08 00:14:54.201579+00:00,2026-09-09 00:14:54.201579+00:00,CONTACTAR_PRIORIDAD_ALTA,,,,,,,,,,,,False
0956a31b-8e03-5217-93f9-dffea94d357d,43bb0bf5e847190952de81d7e4c9efdc,197877,A,5.640849128366695,93,15,SUPERVISOR_COMERCIAL,2026-09-08 00:14:54.201579+00:00,2026-09-09 00:14:54.201579+00:00,CONTACTAR_PRIORIDAD_ALTA,,,,,,,,,,,,False
9dc8c766-0fbc-5df8-a7e5-09bdc98eeca9,b71c5a5066703dcbe9c985fadb527d55,172319,A,1.2510971055117237,95,15,SUPERVISOR_COMERCIAL,2026-09-08 00:14:54.201579+00:00,2026-09-09 00:14:54.201579+00:00,CONTACTAR_PRIORIDAD_ALTA,,,,,,,,,,,,False
fab58bff-98b7-5a70-ba70-a29dca308808,71541e4204566d540aca92c0152da231,222242,A,0.6321218060077424,96,15,SUPERVISOR_COMERCIAL,2026-09-08 00:14:54.201579+00:00,2026-09-09 00:14:54.201579+00:00,CONTACTAR_PRIORIDAD_ALTA,,,,,,,,,,,,False
f0f25b19-8e21-5556-a67f-c1458df8f086,8709a5e678c2e8351dc59312bc02f887,220112,A,0.606437315327876,97,15,SUPERVISOR_COMERCIAL,2026-09-08 00:14:54.201579+00:00,2026-09-09 00:14:54.201579+00:00,CONTACTAR_PRIORIDAD_ALTA,,,,,,,,,,,,False
c5da210e-85a5-5726-b49b-30e4c4f5a6bb,a95a0e02c925e664c286e1443e010ea2,222811,A,8.75314340977899,98,15,SUPERVISOR_COMERCIAL,2026-09-08 00:14:54.201579+00:00,2026-09-09 00:14:54.201579+00:00,CONTACTAR_PRIORIDAD_ALTA,,,,,,,,,,,,False
151a28f4-1853-5abf-9873-8fd9e3b6c39d,dcfb6005de38a2d7cc8b74874adec4e6,222654,A,7.745397778677216,99,15,SUPERVISOR_COMERCIAL,2026-09-08 00:14:54.201579+00:00,2026-09-09 00:14:54.201579+00:00,CONTACTAR_PRIORIDAD_ALTA,,,,,,,,,,,,False
